stnId,stnNm,tm,avgTa,minTa,minTaHrmt,maxTa,maxTaHrmt,mi10MaxRn,mi10MaxRnHrmt,hr1MaxRn,hr1MaxRnHrmt,sumRnDur,sumRn,maxInsWs,maxInsWsWd,maxInsWsHrmt,maxWs,maxWsWd,maxWsHrmt,avgWs,hr24SumRws,maxWd,avgTd,minRhm,minRhmHrmt,avgRhm,avgPv,avgPa,maxPs,maxPsHrmt,minPs,minPsHrmt,avgPs,ssDur,sumSsHr,hr1MaxIcsrHrmt,hr1MaxIcsr,sumGsr,ddMefs,ddMefsHrmt,ddMes,ddMesHrmt,sumDpthFhsc,avgTca,avgLmac,avgTs,minTg,avgCm5Te,avgCm10Te,avgCm20Te,avgCm30Te,avgM05Te,avgM10Te,avgM15Te,avgM30Te,avgM50Te,sumLrgEv,sumSmlEv,n99Rn,iscs,sumFogDur
115,울릉도,2012-01-01,1.9,-1.5,2345,4.3,1411,,,,,16.0,6.6,24.1,70,2156,15.8,70,2314,4.3,3712,290,-2.1,50,6,76.4,5.2,990.8,1021.1,6,1013.3,2019,1018.4,9.6,2.1,,,,5.6,2400,7.7,2400,5.6,9.3,8.3,1.1,-4.1,1.9,1.9,2.6,2.5,3.2,6.5,9.7,13.7,14.0,,0.2,7.0,{소낙성진눈깨비}0650-0720. {소낙성진눈깨비}0750-{소낙성진눈깨비}{강도0}0900-1140. {소낙성진눈깨비}1220-{소낙성진눈깨비}{강도0}1500-{눈}1730-{눈}{강도0}1800-{눈}{강도0}2100-{눈}{강도0}2400- {폭풍}2037. {폭풍}2118-2123. {폭풍}2128-2151. {폭풍}2157. {폭풍}2204-2205. {폭풍}2231-2248. {폭풍}2257-2301. {폭풍}2311-2322. {폭풍}2328-2332. {폭풍}2346-2356.,
115,울릉도,2012-01-02,-1.3,-2.6,705,-0.2,2334,,,,,18.42,0.8,23.2,50,49,16.2,50,129,6.6,5666,70,-3.6,76,1103,84.3,4.7,994.7,1024.8,927,1017.3,48,1022.8,9.6,0.6,,,,0.6,810,8.0,810,0.8,9.8,9.4,-0.3,-1.8,1.7,1.7,2.5,2.5,3.1,6.4,9.5,13.6,14.0,,0.2,4.6,-{눈}-{눈}{강도0}0300-{소낙눈}0340-{소낙눈}{강도0}0600-0650. {소낙눈}0735-{소낙눈}{강도0}0900-1145. {소낙눈}1215-1330. {소낙눈}1415-{소낙눈}{강도0}1500-1630. {소낙눈}2005-{소낙눈}{강도0}2100-{소낙눈}{강도0}2400- {폭풍}0007-0009. {폭풍}0011-0034. {폭풍}0038-0118. {폭풍}0120-0151.,
115,울릉도,2012-01-03,0.2,-0.5,451,1.1,1404,,,,,21.25,14.7,15.1,20,1549,9.0,360,1647,3.7,3160,70,-1.9,48,1918,86.1,5.4,989.0,1021.0,1,1013.5,2325,1016.8,9.7,0.0,,,,12.6,1200,18.6,1200,13.2,9.3,9.1,-0.4,-0.9,1.5,1.4,2.3,2.2,2.9,6.3,9.4,13.5,13.9,,0.2,22.9,-{소낙눈}-{소낙눈}{강도0}0300-{소낙눈}{강도0}0600-{소낙눈}{강도0}0900-{소낙눈}{강도0}1200-{소낙눈}{강도0}1500-{소낙눈}{강도0}1800-1815. {소낙눈}2015-{소낙눈}{강도0}2100-2135. {소낙눈}2220-{소낙눈}{강도0}2400-,
115,울릉도,2012-01-04,-1.6,-3.2,825,0.2,112,,,,,22.0,14.5,19.8,70,1341,10.9,70,803,4.5,3882,70,-3.8,47,2237,84.6,4.6,989.8,1021.3,2306,1013.0,100,1017.8,9.7,0.1,,,,23.8,2400,29.4,1800,24.1,9.4,8.3,-0.5,-1.9,1.3,1.2,2.1,2.0,2.8,6.2,9.3,13.4,13.9,,0.1,4.5,-{소낙눈}-{시정(미만)}{1km}{소낙눈}0215-{시정(미만)}{0.5km}{소낙눈}0240-{소낙눈}{강도1}0300-{눈}0315-{시정(이상)}{0.5km}{눈}0340-{시정(이상)}{1km}{눈}0520-{눈}{강도0}0600-{시정(미만)}{1km}{눈}0640-{시정(이상)}{1km}0820-{눈}{강도0}0900-{눈}{강도0}1200-{눈}{강도0}1500-{소낙눈}1740-{소낙눈}{강도0}1800-2040. {소낙눈}2240-{소낙눈}{강도0}2400-,
115,울릉도,2012-01-05,0.0,-1.7,58,1.7,1606,,,,,12.75,7.3,10.0,20,705,4.5,20,139,1.5,1337,360,-6.1,48,2217,64.5,3.9,995.8,1025.3,952,1021.2,1,1023.8,9.7,0.6,,,,8.0,1300,34.8,1200,8.1,8.4,8.4,-0.4,-1.1,1.1,1.1,2.0,1.9,2.6,6.1,9.3,13.4,13.9,,0.2,4.7,-{소낙눈}-{소낙눈}{강도0}0300-0440. {소낙눈}0540-{소낙눈}{강도0}0600-{소낙눈}{강도0}0900-{소낙눈}{강도0}1200-1345.,
115,울릉도,2012-01-06,-0.4,-2.0,1947,2.4,1113,,,,,13.5,12.8,13.4,70,1522,8.4,70,1518,3.8,3283,70,-3.7,53,9,80.0,4.7,999.5,1031.5,2308,1024.7,13,1027.6,9.7,0.4,,,,13.5,2300,41.6,2200,13.6,9.4,9.4,-0.5,-3.0,1.1,1.1,1.9,1.9,2.5,6.0,9.2,13.3,14.0,,0.2,12.8,{소낙눈}0945-{소낙눈}{강도0}1200-{소낙눈}{강도0}1500-{소낙눈}{강도0}1800-{소낙눈}{강도0}2100-2315.,
115,울릉도,2012-01-07,-0.2,-2.0,142,1.6,1257,,,,,6.92,0.3,13.2,70,823,8.5,70,232,4.7,4064,50,-4.7,56,1210,71.5,4.3,1005.1,1035.1,1002,1031.1,100,1033.4,9.7,5.3,,,,0.3,1100,40.5,1,0.3,7.1,7.1,-0.5,-1.1,1.1,1.1,1.9,1.8,2.4,6.0,9.1,13.3,14.0,,0.2,0.5,{소낙눈}0615-{소낙눈}{강도0}0900-1110. {눈}1510-1710.,
115,울릉도,2012-01-08,2.6,-0.1,2,6.2,1228,,,,,2.0,0.5,10.5,250,1420,6.4,250,1424,2.0,1745,250,-3.3,44,1806,66.3,4.9,1000.6,1033.0,2,1024.9,2358,1028.5,9.7,2.3,,,,0.1,330,36.0,1,0.1,7.3,4.9,-0.5,-3.4,1.1,1.0,1.8,1.8,2.3,5.9,9.1,13.2,14.0,,0.3,0.3,{눈}0225-{눈}{강도0}0300-0340. {진눈깨비}1040-1125.,
115,울릉도,2012-01-09,1.9,1.1,1834,2.5,106,,,,,1.0,0.0,11.3,90,925,5.2,360,817,1.5,1315,270,-5.6,48,2238,57.5,4.0,998.3,1028.0,1029,1024.7,21,1026.2,9.7,0.5,,,,,,27.5,1,,7.0,7.0,-0.6,-5.3,1.0,1.0,1.8,1.7,2.3,5.8,9.0,13.2,14.0,,0.2,0.0,{소낙성진눈깨비}0845-{소낙성진눈깨비}{강도0}0900-0945.,
115,울릉도,2012-01-10,2.5,1.1,1922,5.5,1354,,,,,,,14.0,270,2352,7.8,270,2356,2.6,2245,270,-5.1,39,2103,57.5,4.3,995.1,1025.4,1,1019.9,2400,1022.7,9.8,4.9,,,,,,24.8,1,,7.3,6.5,-0.8,-4.6,1.0,1.0,1.8,1.7,2.2,5.7,8.9,13.1,14.0,,0.3,12.1,{연무}0720-{연무}{강도0}0900-{연무}{강도0}1200-1220.,
115,울릉도,2012-01-11,-2.6,-4.3,1320,1.9,1,,,,,21.08,16.7,18.1,70,1150,11.8,70,1132,5.6,4863,70,-4.6,56,1,86.6,4.4,997.5,1029.5,2012,1019.2,22,1025.8,9.8,1.6,,,,16.0,1300,36.9,1200,16.6,9.1,8.9,-0.6,-0.8,0.9,0.9,1.7,1.6,2.2,5.7,8.8,13.1,13.9,,0.2,4.6,{소낙눈}0015-{소낙눈}{강도0}0300-{시정(미만)}{1km}{소낙눈}0310-{시정(미만)}{0.5km}{소낙눈}0315-{시정(이상)}{0.5km}{소낙눈}0420-{시정(이상)}{1km}{소낙눈}0425-{소낙눈}{강도0}0600-0710. {소낙눈}0750-{시정(미만)}{1km}{소낙눈}0830-{소낙눈}{강도1}0900-{시정(이상)}{1km}{소낙눈}0920-{시정(미만)}{1km}{소낙눈}1010-{시정(미만)}{0.5km}{소낙눈}1020-{시정(미만)}{0.2km}{소낙눈}1040-{시정(이상)}{0.2km}{소낙눈}1115-{시정(이상)}{0.5km}{소낙눈}1140-{눈보라}1145-{눈보라}{강도1}1200-{눈}1315-{시정(이상)}{1km}{눈}1340-{소낙눈}1430-{소낙눈}{강도0}1500-1725. {소낙눈}1815-{소낙눈}{강도0}2100-2220. {눈}2330-{눈}{강도0}2400-,
115,울릉도,2012-01-12,0.0,-3.6,154,3.1,1350,,,,,1.5,0.0,11.1,270,708,6.5,250,616,3.0,2565,250,-10.9,29,1533,44.8,2.7,995.9,1028.5,1,1021.2,2011,1023.9,9.8,8.3,,,,0.0,100,34.5,1,0.0,3.1,3.1,-0.5,-4.2,0.9,0.9,1.7,1.6,2.2,5.7,8.7,13.1,14.0,,0.3,0.0,-{눈}-0130.,
115,울릉도,2012-01-13,0.9,0.1,1631,2.8,1113,,,,,16.75,2.2,14.6,50,1417,7.1,360,1417,2.3,2007,50,-8.8,38,36,48.5,3.2,992.8,1021.6,6,1018.9,1405,1020.6,9.8,1.1,,,,1.3,2400,25.2,2400,1.6,9.0,9.0,-0.6,-2.7,0.9,0.9,1.7,1.5,2.1,5.5,8.6,12.9,13.9,,0.4,2.2,{소낙눈}0230-{소낙눈}{강도0}0300-0545. {소낙눈}0615-{눈}0815-{눈}{강도0}0900-{소낙눈}0930-{소낙눈}{강도0}1200-{소낙눈}{강도0}1500-1750. {소낙눈}2205-{소낙눈}{강도0}2400-,
115,울릉도,2012-01-14,0.7,-0.2,801,2.2,1421,,,,,5.75,0.0,13.6,360,1053,5.3,50,58,2.0,1742,70,-12.7,24,2207,36.8,2.4,992.6,1022.1,1043,1018.8,2304,1020.4,9.8,2.4,,,,0.0,1,25.2,1,0.0,6.8,6.4,-0.5,-4.8,0.9,0.9,1.6,1.5,2.0,5.4,8.5,12.9,13.9,,0.4,0.0,-{소낙눈}-0150. {소낙눈}0240-{소낙눈}{강도0}0300-0335. {눈}0830-{눈}{강도0}0900-1130.,
115,울릉도,2012-01-15,1.0,0.1,1712,2.0,1215,,,,,10.92,0.2,11.2,70,537,6.3,70,1008,3.7,3171,70,-8.8,25,19,49.4,3.2,992.5,1022.2,2040,1018.1,313,1020.3,9.9,3.0,,,,0.1,1700,25.2,1,0.1,8.9,7.8,-0.6,-3.3,0.9,0.8,1.6,1.5,2.0,5.3,8.4,12.8,13.9,,0.3,0.2,{눈}0445-{눈}{강도0}0600-{눈}{강도0}0900-{눈}{강도0}1200-1210. {눈}1410-{눈}{강도0}1500-1740.,
115,울릉도,2012-01-16,1.8,1.0,1,2.8,1217,,,,,9.5,4.1,10.4,70,1240,6.6,70,1248,3.5,3017,70,-3.6,53,1217,68.1,4.7,992.8,1021.6,2103,1019.0,1243,1020.5,9.9,0.2,,,,0.6,2000,25.0,1,0.7,9.4,8.3,-0.6,-1.2,0.8,0.8,1.5,1.4,2.0,5.3,8.4,12.7,13.9,,0.5,4.1,{눈}0940-1120. {진눈깨비}1230-{진눈깨비}{강도0}1500-1520. {싸락눈}1710-{싸락눈}{강도0}1800-{소낙성진눈깨비}1910-{소낙성진눈깨비}{강도0}2100-{진눈깨비}2110-2210.,
115,울릉도,2012-01-17,3.3,2.2,1,4.4,1203,,,,,4.58,5.5,7.6,200,1633,4.3,250,1635,1.1,951,70,-3.0,43,856,65.6,5.1,993.4,1022.0,943,1020.0,1622,1020.9,9.9,0.0,,,,,,24.5,1,,8.8,7.4,-0.6,-2.4,0.7,0.7,1.5,1.4,1.9,5.2,8.3,12.7,13.9,,0.7,6.0,{비}1240-1410. {비}1625-1730. {비}2020-{비}{강도0}2100-2220.,
115,울릉도,2012-01-18,4.3,2.7,23,6.0,1354,,,,,1.83,0.5,11.7,70,1923,6.7,70,1935,3.0,2607,70,-1.7,52,718,65.1,5.4,994.8,1024.0,2030,1020.6,420,1022.4,9.9,4.3,,,,,,21.8,1,,7.1,6.1,0.9,-4.2,0.6,0.5,1.3,1.3,1.8,4.9,8.0,12.7,13.9,,0.2,0.4,{비}0210-{비}{강도0}0300-0320. {비}1810-1850.,
115,울릉도,2012-01-19,5.1,3.9,911,6.0,2210,,,,,12.0,2.0,19.3,70,1757,12.8,70,1806,7.0,6040,70,-1.8,49,2311,61.4,5.4,995.8,1024.8,913,1021.6,1541,1023.3,9.9,0.0,,,,,,17.7,1,,9.6,7.9,2.6,1.8,0.7,0.3,1.1,1.1,1.7,4.4,7.6,12.6,13.9,,0.4,1.9,{비}0640-{비}{강도0}0900-{비}{강도0}1200-{비}{강도0}1500-{비}{강도0}1800-1840.,
115,울릉도,2012-01-20,4.1,3.2,2353,5.8,2,,,,,1.25,0.5,15.8,70,107,9.8,70,328,6.6,5678,70,-4.2,42,2129,54.6,4.5,995.5,1024.2,936,1022.0,1250,1023.0,10.0,0.0,,,,,,3.0,1,,9.5,7.3,2.0,-0.6,1.4,0.7,0.9,1.0,1.9,4.0,7.1,12.4,13.9,,0.7,0.7,{비}0720-0820. {소낙성진눈깨비}1350-1405.,
115,울릉도,2012-01-21,3.4,2.6,1751,4.0,1055,,,,,9.33,2.5,12.1,90,1005,8.1,70,954,4.3,3745,70,-1.6,45,3,70.8,5.5,992.5,1022.0,1,1017.6,2353,1020.0,10.0,0.0,,,,,,,,,9.0,5.8,1.9,-1.5,1.8,1.3,1.2,1.0,2.0,4.0,6.8,12.1,13.9,,0.5,5.5,{소나기}0340-{비}0420-0530. {비}0720-0755. {비}0950-1020. {비}1155-{비}{강도0}1200-{비}{강도0}1500-{비}{강도0}1800-1820.,
115,울릉도,2012-01-22,1.3,-2.0,2111,3.9,1313,,,,,18.25,9.2,14.9,50,2146,10.0,70,2050,4.6,3952,70,-2.3,37,1530,79.3,5.2,989.4,1018.8,2107,1015.1,1515,1017.1,10.0,4.2,,,,6.3,2400,6.3,2400,6.5,9.8,8.1,2.6,-2.7,2.2,1.9,1.7,1.4,2.1,4.0,6.6,11.9,13.8,,0.4,23.2,{비}0210-{비}{강도0}0300-{비}{강도0}0600-{싸락눈}0650-{비}0655-{비}{강도0}0900-1030. {박무}0650-0740. {비}1130-{진눈깨비}1150-{진눈깨비}{강도0}1200-{소낙눈}1220-{진눈깨비}1225-1330. {눈}1605-{싸락눈}1650-{눈}1720-{눈}{강도0}1800-{눈}{강도0}2100-{눈}{강도0}2400-,
115,울릉도,2012-01-23,-3.4,-5.0,2058,-1.5,1320,,,,,23.5,32.4,18.0,20,1624,11.3,360,1633,5.6,4862,70,-5.5,50,2333,86.9,4.2,990.6,1020.5,2132,1017.4,1333,1018.8,10.1,0.0,,,,38.2,2400,41.0,2400,38.2,9.6,9.0,-0.5,-5.5,1.5,1.5,2.0,1.9,2.3,4.1,6.5,11.8,13.8,,0.2,15.6,-{눈}-{시정(미만)}{1km}{눈}0020-{시정(미만)}{0.5km}{눈}0040-{눈}{강도1}0300-{시정(미만)}{0.2km}{눈}0540-{눈}{강도2}0600-{시정(이상)}{0.2km}{눈}0630-{눈}{강도1}0900-{시정(이상)}{0.5km}{눈}0950-{시정(미만)}{0.5km}{눈}1030-{눈}{강도1}1200-{눈}{강도1}1500-{시정(미만)}{0.2km}{눈보라}1550-{눈보라}{강도2}1800-{시정(이상)}{0.2km}{눈보라}2030-{눈보라}{강도2}2100-{시정(이상)}{0.5km}{눈보라}2120-{시정(이상)}{1km}{눈}2210-2330.,
115,울릉도,2012-01-24,-4.4,-5.2,542,-3.2,933,,,,,21.17,1.8,13.4,250,1349,6.5,270,1252,2.2,1927,250,-13.5,27,2107,49.5,2.2,991.3,1021.0,223,1018.5,2344,1019.7,10.1,1.3,,,,1.8,2400,41.0,1,1.8,9.0,9.0,-0.5,-5.5,1.0,1.0,1.7,1.6,2.0,4.2,6.6,11.8,13.9,,0.1,2.2,{눈}0030-{눈}{강도0}0300-{눈}{강도0}0600-0840. {눈}1015-{눈}{강도0}1200-{눈}{강도0}1500-1625. {눈}1710-{눈}{강도0}1800-{눈}{강도0}2100-{눈}{강도0}2400-,
115,울릉도,2012-01-25,-4.7,-5.5,1341,-3.8,2251,,,,,23.33,6.7,12.1,250,324,6.0,250,600,2.2,1893,140,-12.4,30,2357,57.1,2.4,990.2,1021.2,2218,1016.6,1239,1018.6,10.1,0.1,,,,10.0,2300,37.0,1900,10.7,9.0,9.0,-0.5,-5.6,0.8,0.9,1.5,1.4,1.8,4.2,6.6,11.7,13.9,,0.4,5.8,-{눈}-{눈}{강도0}0300-{눈}{강도0}0600-{눈}{강도0}0900-{시정(미만)}{1km}{눈}1140-{눈}{강도1}1200-{시정(이상)}{1km}{눈}1230-{눈}{강도0}1500-{눈}{강도0}1800-{눈}{강도0}2100-2320.,
115,울릉도,2012-01-26,-1.5,-4.3,36,0.2,2345,,,,,16.0,0.8,12.9,230,1504,6.0,250,2142,3.1,2673,250,-14.8,28,41,36.0,2.0,994.1,1023.5,929,1020.9,2,1022.2,10.1,0.9,,,,0.3,1100,37.0,1,0.8,8.9,8.9,-0.5,-4.6,0.7,0.7,1.3,1.3,1.7,4.1,6.5,11.6,13.8,,1.9,0.9,{눈}0205-{눈}{강도0}0300-0410. {눈}0645-0715. {눈}0845-{눈}{강도0}0900-{눈}{강도0}1200-{눈}{강도0}1500-{눈}{강도0}1800-1815. {눈}1930-{눈}{강도0}2100-2325.,
115,울릉도,2012-01-27,1.3,-1.2,417,3.9,1402,,,,,5.0,0.3,11.4,250,1248,7.0,250,1256,2.4,2075,250,-14.0,22,1100,31.1,2.1,994.8,1023.6,407,1021.1,1407,1022.6,10.2,5.3,,,,0.5,500,29.3,1,0.6,7.3,7.3,1.1,-3.2,0.7,0.7,1.3,1.2,1.7,4.2,6.6,11.6,13.9,,1.0,0.8,{눈}0030-0115. {눈}0245-{눈}{강도0}0300-{눈}{강도0}0600-0630. {눈}2315-2345.,
115,울릉도,2012-01-28,-0.1,-1.2,404,2.7,1149,,,,,12.75,1.6,13.0,90,1459,8.7,70,1529,3.0,2574,70,-7.9,29,940,58.0,3.5,997.0,1026.6,2334,1022.1,1,1025.0,10.2,1.6,,,,1.0,515,23.6,515,1.2,8.4,7.9,-0.4,-4.1,0.6,0.6,1.2,1.1,1.5,4.1,6.5,11.5,13.8,,0.3,11.3,{눈}0030-{눈}{강도0}0300-0520. {눈}1120-{눈}{강도0}1200-1215. {눈}1330-{눈}{강도0}1500-1715. {눈}2015-{눈}{강도0}2100-2330.,
115,울릉도,2012-01-29,-2.2,-3.4,2000,-0.9,115,,,,,18.58,25.9,13.4,70,1238,8.5,70,1411,4.6,3960,70,-3.6,66,1,90.5,4.7,997.9,1027.0,1845,1025.2,1426,1026.2,10.2,0.0,,,,29.2,1700,47.9,1400,31.0,9.0,8.5,-0.8,-4.1,0.6,0.5,1.2,1.1,1.5,4.1,6.6,11.5,13.8,,0.2,18.4,{눈}0120-{눈}{강도0}0300-{싸락눈}0510-{눈}0545-{시정(미만)}{1km}{눈}0550-{시정(미만)}{0.5km}{눈}0610-{시정(미만)}{0.2km}{눈}0715-{시정(이상)}{0.2km}{눈}0820-{눈}{강도1}0900-{시정(미만)}{0.2km}{눈}1140-{눈}{강도2}1200-{시정(이상)}{0.2km}{눈}1250-{시정(이상)}{0.5km}{눈}1330-{시정(이상)}{1km}{눈}1350-{눈}{강도0}1500-{눈}{강도0}1800-1915. {눈}2315-2355.,
115,울릉도,2012-01-30,-2.8,-4.4,1903,-1.7,423,,,,,17.25,16.8,12.7,70,927,8.1,70,929,2.7,2371,70,-9.5,29,2303,62.9,3.1,996.2,1025.7,1,1023.3,2355,1024.5,10.3,0.4,,,,17.3,1900,56.2,1800,17.3,8.6,8.3,-0.5,-4.7,0.6,0.5,1.2,1.1,1.5,4.0,6.5,11.4,13.7,,1.5,13.8,{눈}0015-{눈}{강도0}0300-{눈}{강도0}0600-0615. {눈}0730-0745. {눈}0810-{눈}{강도0}0900-{눈}{강도0}1200-{눈}{강도0}1500-{시정(미만)}{1km}{눈}1515-{시정(이상)}{1km}{눈}1640-{눈}{강도0}1800-1910.,
115,울릉도,2012-01-31,-0.5,-3.7,654,2.8,1959,,,,,3.0,2.6,21.1,250,2055,12.4,230,2028,3.9,3357,230,-10.6,27,54,47.9,2.9,990.8,1024.8,801,1010.0,2115,1018.7,10.3,5.0,,,,2.5,2400,51.3,1,2.5,7.6,7.1,0.8,-3.9,0.6,0.5,1.1,1.0,1.5,4.0,6.5,11.4,13.7,,0.2,9.4,{눈}0740-{눈}{강도0}0900-0920. {소낙눈}2240-{소낙눈}{강도0}2400-,
115,울릉도,2012-02-01,-5.0,-7.2,2220,0.1,26,,,,,21.42,20.3,14.5,90,851,6.3,50,857,3.1,2690,20,-10.2,43,440,67.1,2.9,988.8,1020.3,2033,1011.9,39,1017.2,10.3,0.0,,,,24.6,2400,55.2,2400,24.6,9.5,8.1,-0.6,-5.5,0.6,0.5,1.1,1.0,1.5,4.0,6.5,11.3,13.7,,0.2,24.0,-{소낙눈}-{소낙눈}{강도0}0300-{눈}0320-0410. {눈}0540-{눈}{강도0}0600-{눈}{강도0}0900-{눈}{강도0}1200-{시정(미만)}{1km}{눈}1320-{시정(이상)}{1km}{눈}1410-1430. {눈}1535-{눈}{강도0}1800-{눈}{강도0}2100-{눈}{강도0}2400-,
115,울릉도,2012-02-02,-7.2,-8.1,454,-5.9,2328,,,,,18.83,12.1,18.4,70,627,9.6,50,629,3.8,3315,70,-13.6,36,1527,60.9,2.2,993.7,1024.5,2111,1017.6,529,1022.3,10.4,0.4,,,,17.9,1400,63.2,1000,19.2,8.9,8.3,-0.9,-7.0,0.5,0.4,1.1,0.9,1.4,3.9,6.4,11.2,13.6,,0.3,1.6,-{눈}-{눈보라}0010-{시정(미만)}{1km}{눈보라}0015-{시정(미만)}{0.5km}{눈보라}0020-{시정(미만)}{0.2km}{눈보라}0022-{시정(이상)}{0.2km}{눈보라}0040-{시정(이상)}{0.5km}{눈보라}0050-{눈}0150-{시정(이상)}{1km}{눈}0155-{눈보라}0220-{눈보라}{강도0}0300-{눈}0320-{시정(미만)}{1km}{눈}0420-{시정(미만)}{0.5km}{눈}0430-{눈보라}0520-{시정(미만)}{0.2km}{눈보라}0530-{눈보라}{강도2}0600-{시정(미만)}{0.1km}{눈보라}0630-{시정(이상)}{0.1km}{눈}0730-{시정(이상)}{0.2km}{눈}0810-{시정(이상)}{0.5km}{눈}0815-{눈}{강도1}0900-{시정(이상)}{1km}{눈}0920-{눈}{강도0}1200-{눈}{강도0}1500-1615. {눈}1645-{눈}{강도0}1800-1830. {눈}1950-2040.,
115,울릉도,2012-02-03,-3.4,-6.3,1,0.0,1241,,,,,0.25,0.0,11.2,250,2337,6.1,270,1143,2.4,2056,250,-16.3,28,1447,36.1,1.7,992.4,1023.9,1,1018.6,1512,1020.7,10.4,8.5,,,,,,59.0,1,,4.1,4.1,-2.1,-8.4,0.5,0.5,1.1,1.0,1.4,4.0,6.5,11.3,13.7,,1.3,0.8,{눈}2345-{눈}{강도0}2400-,
115,울릉도,2012-02-04,-0.8,-3.1,22,1.5,1450,,,,,10.58,0.9,14.9,250,1208,8.0,270,1507,3.5,3026,250,-15.7,19,1626,33.5,1.9,994.6,1025.2,2325,1020.2,247,1022.6,10.4,5.4,,,,0.9,900,50.8,1,1.1,5.8,5.8,-1.6,-6.3,0.5,0.5,1.1,0.9,1.2,4.0,6.5,11.2,13.6,,1.6,0.1,-{눈}-0015. {눈}0120-{눈}{강도0}0300-{눈}{강도0}0600-{눈}{강도0}0900-1140.,
115,울릉도,2012-02-05,2.3,-0.7,10,5.8,1231,,,,,,,7.8,250,1342,5.1,250,1338,2.2,1887,250,-12.9,21,19,31.9,2.3,995.0,1025.1,3,1020.9,1544,1022.7,10.5,6.4,,,,,,47.1,1,,2.8,0.5,-0.6,-5.7,0.5,0.5,1.1,0.9,1.2,3.9,6.5,11.1,13.6,,1.2,,,
115,울릉도,2012-02-06,4.2,1.6,313,7.6,1309,,,,,,,8.3,250,1622,5.0,250,1614,1.9,1642,250,-8.5,30,1704,39.1,3.3,987.7,1021.3,1,1009.8,2354,1015.0,10.5,3.7,,,,,,42.0,1,,6.6,2.5,0.9,-5.8,0.5,0.5,1.0,0.9,1.3,3.9,6.5,11.2,13.7,,0.7,,,
115,울릉도,2012-02-07,-1.0,-5.9,2353,4.1,243,,,,,9.75,6.6,22.0,360,1225,13.8,360,1400,5.5,4744,360,-11.5,31,1648,46.3,2.6,982.5,1015.2,2351,1007.1,416,1010.2,10.5,5.6,,,,8.8,2400,42.5,2400,10.8,8.5,6.0,-0.2,-1.3,0.5,0.4,1.0,0.9,1.4,3.9,6.5,11.1,13.6,,0.3,8.6,{눈}0905-{소낙눈}0915-{시정(미만)}{1km}{소낙눈}1130-{소낙눈}{강도1}1200-{시정(이상)}{1km}{눈}1220-1320. {눈}1830-{눈}{강도0}2100-{시정(미만)}{1km}{눈}2215-{시정(미만)}{0.5km}{눈}2320-{눈}{강도1}2400-,
115,울릉도,2012-02-08,-5.7,-7.8,1013,-3.7,2305,,,,,20.17,4.4,12.6,270,2313,5.3,360,48,1.4,1207,250,-18.2,21,2219,38.4,1.5,988.2,1019.2,2332,1014.6,1452,1016.6,10.6,0.3,,,,5.5,1100,44.4,1100,5.6,9.1,9.1,-0.6,-7.8,0.4,0.4,0.9,0.8,1.2,3.8,6.3,11.0,13.6,,0.3,3.2,-{눈}-{시정(이상)}{0.5km}{눈}0015-{시정(이상)}{1km}{눈}0030-{눈}{강도0}0300-{눈}{강도0}0600-0715. {눈}0745-0845. {소낙눈}0810-{소낙눈}{강도0}0900-{소낙눈}{강도0}1200-1450. {소낙눈}1520-1645.  {소낙눈}1720-{소낙눈}{강도0}1800-2010. {눈}2130-2210. {눈}2340-{눈}{강도0}2400-,
115,울릉도,2012-02-09,-2.7,-5.8,733,-0.5,1346,,,,,10.08,1.1,12.2,250,1411,6.4,270,1449,1.5,1300,250,-16.8,16,2124,33.9,1.7,994.0,1023.5,1108,1018.9,6,1022.3,10.6,4.2,,,,1.5,1100,40.2,1100,1.5,7.1,6.4,-0.6,-1.1,0.4,0.4,0.9,0.8,1.3,3.7,6.3,10.9,13.6,,0.4,0.2,-{눈}-0040. {눈}0130-{눈}{강도0}0300-{소낙눈}0440-{눈}0520-{눈}{강도0}0600-{눈}{강도0}0900-1055.,
115,울릉도,2012-02-10,-0.8,-2.4,637,1.5,1419,,,,,3.17,0.7,10.3,250,1457,5.3,360,2243,0.7,595,20,-16.8,15,1529,30.4,1.7,995.2,1024.6,924,1021.2,1603,1023.2,10.6,5.4,,,,0.7,2400,38.1,1,0.7,7.3,5.4,-0.6,-2.4,0.4,0.4,0.9,0.8,1.2,3.7,6.2,10.9,13.5,,0.3,3.5,{눈}2050-{눈}{강도0}2100-{눈}{강도0}2400-,
115,울릉도,2012-02-11,-0.7,-3.0,423,1.3,1238,,,,,8.17,2.8,,,,,,,,,,-13.4,15,2215,42.8,2.4,997.1,1027.0,2259,1023.6,123,1025.2,10.7,8.4,,,,2.8,600,38.8,600,2.8,5.9,5.9,-0.6,-1.1,0.4,0.3,0.9,0.8,1.2,3.7,6.2,10.8,13.5,,1.1,0.4,-{눈}-{눈}{강도0}0300-{눈}{강도0}0600-0650. {눈}0810-{눈}{강도0}0900-0930.,
115,울릉도,2012-02-12,0.4,-1.6,417,3.2,1303,,,,,6.83,0.4,,,,,,,,,,-12.6,22,6,37.8,2.4,1001.1,1031.2,1040,1026.7,15,1029.2,10.7,6.9,,,,0.6,650,36.0,650,0.6,6.3,4.3,-0.6,-1.2,0.4,0.3,0.9,0.8,1.2,3.7,6.2,10.8,13.5,,1.5,,{눈}0130-{눈}{강도0}0300-{눈}{강도0}0600-0820.,
115,울릉도,2012-02-13,4.0,1.3,1,7.1,1425,,,,,,,,,,,,,,,,-6.7,24,1351,48.3,3.8,996.0,1027.5,1,1021.1,1506,1023.5,10.7,4.0,,,,,,32.1,1,,5.3,3.1,1.5,-5.5,0.2,0.1,0.6,0.5,1.2,3.5,6.0,10.6,13.3,,1.7,,,
115,울릉도,2012-02-14,4.8,2.3,1,9.1,1514,,,,,,,10.9,290,2248,6.0,290,2305,2.4,2036,270,-0.7,35,2352,69.0,5.9,991.0,1022.5,21,1015.4,1514,1018.3,10.8,4.3,,,,,,27.3,1,,4.1,2.8,2.6,-4.4,0.0,-0.2,0.4,0.3,0.7,3.0,5.6,10.2,12.9,,1.5,0.1,,
115,울릉도,2012-02-15,-0.1,-1.4,1552,6.3,8,,,,,11.0,0.6,16.6,50,614,10.2,70,605,5.0,4300,70,-3.3,35,4,79.3,4.8,992.7,1022.6,857,1016.4,1,1020.6,10.8,0.1,,,,0.6,2400,19.1,2400,0.7,9.6,6.1,-0.8,-2.1,0.0,-0.1,0.4,0.3,1.0,3.0,5.5,10.3,13.0,,0.5,3.4,{눈}0815-{눈}{강도0}0900-{눈}{강도0}1200-{눈}{강도0}1500-1630. {눈}2115-{눈}{강도0}2400-,
115,울릉도,2012-02-16,-0.9,-3.2,2343,0.2,246,,,,,8.92,5.3,23.2,360,634,14.1,360,512,5.5,4717,360,-7.3,36,1542,64.1,3.7,990.1,1020.1,49,1016.3,1830,1018.0,10.8,6.2,,,,4.9,2400,22.9,2400,6.0,7.1,6.5,-0.9,-1.6,0.0,0.0,0.5,0.4,0.9,3.1,5.5,10.3,13.1,,0.4,10.2,-{눈}-{눈}{강도0}0300-{시정(미만)}{1km}{눈}0310-{시정(이상)}{1km}{눈}0410-{눈보라}0430-{눈}0515-0545. {눈}2050-{눈}{강도0}2100-{소낙눈}2140-{시정(미만)}{1km}{소낙눈}2320-{소낙눈}{강도1}2400- {폭풍}0508-0512.,
115,울릉도,2012-02-17,-3.8,-4.7,2355,-1.4,1221,,,,,20.17,8.8,16.8,360,441,8.7,20,331,5.0,4309,360,-8.8,47,2008,68.8,3.2,990.0,1021.0,2336,1016.3,1214,1018.2,10.9,2.1,,,,8.4,1000,28.6,900,9.3,8.6,8.0,-0.8,-1.3,0.1,0.0,0.5,0.4,0.9,3.2,5.5,10.3,13.2,,0.3,13.2,-{소낙눈}-{시정(이상)}{1km}{소낙눈}0220-{소낙눈}{강도0}0300-{눈}0315-{소낙눈}0410-{눈}0510-{소낙눈}0540-{시정(미만)}{1km}{소낙눈}0545-{소낙눈}{강도1}0600-{시정(이상)}{1km}{소낙눈}0610-{눈}0615-{시정(미만)}{1km}{눈}0815-{시정(이상)}{1km}{눈}0845-{눈}{강도0}0900-{눈}{강도0}1200-{눈}{강도0}1500-{눈}{강도0}1800-2010.,
115,울릉도,2012-02-18,-3.9,-5.2,2040,-1.2,1237,,,,,14.0,22.7,12.1,20,19,6.9,360,400,2.5,2200,70,-7.1,46,1947,79.4,3.7,994.0,1023.8,2115,1020.2,18,1022.3,10.9,1.4,,,,21.5,1615,41.8,1420,21.5,7.9,7.9,-0.8,-1.2,0.1,0.0,0.5,0.4,0.9,3.2,5.5,10.3,13.1,,0.4,10.5,{눈}0150-{시정(미만)}{1km}{눈}0220-{시정(미만)}{0.5km}{눈}0225-{눈}{강도1}0300-{시정(이상)}{0.5km}{눈}0340-{시정(이상)}{1km}{눈}0345-0355. {눈}0420-0450. {눈}0545-{눈}{강도0}0600-{시정(미만)}{1km}{눈}0615-{시정(미만)}{0.5km}{눈}0620-{소낙눈}0720-{소낙눈}{강도1}0900-{시정(이상)}{0.5km}{소낙눈}0910-{시정(이상)}{1km}{소낙눈}0920-{시정(미만)}{1km}{소낙눈}0950-{시정(미만)}{0.5km}{소낙눈}0955-{시정(이상)}{0.5km}{소낙눈}1140-{시정(이상)}{1km}{소낙눈}1150-{소낙눈}{강도0}1200-{시정(미만)}{1km}{소낙눈}1320-{시정(미만)}{0.5km}{소낙눈}1325-{시정(이상)}{0.5km}{소낙눈}1345-{소낙눈}{강도1}1500-{시정(이상)}{1km}{소낙눈}1540-{눈}1610-1710.,
115,울릉도,2012-02-19,-2.2,-4.3,58,1.1,1135,,,,,3.5,0.0,11.0,360,1301,7.2,360,1244,2.6,2280,90,-8.0,48,1124,65.1,3.4,996.0,1026.3,2337,1022.5,359,1024.2,11.0,8.4,,,,0.1,400,40.8,1,0.1,4.8,4.8,-0.8,-4.3,0.1,0.0,0.5,0.4,1.0,3.2,5.5,10.2,13.1,,0.9,,{눈}0150-{눈}{강도0}0300-0335. {눈}0510-{눈}{강도0}0600-0625. {눈}0720-0750.,
115,울릉도,2012-02-20,1.5,-2.3,1,5.8,1519,,,,,,,8.8,230,1545,5.8,250,1554,3.2,2792,250,-7.0,41,943,53.4,3.6,996.5,1026.3,20,1022.4,1448,1024.3,11.0,9.4,,,,,,26.0,1,,0.3,0.3,-1.1,-5.3,0.0,-0.1,0.4,0.3,0.9,3.1,5.4,10.1,13.0,,1.4,,,
115,울릉도,2012-02-21,2.5,1.6,535,4.2,1010,,,,,,,9.3,70,1010,5.9,70,1023,2.6,2235,20,-2.6,45,1,69.4,5.1,996.4,1025.0,938,1023.2,1445,1024.1,11.0,2.2,,,,,,23.2,1,,6.0,4.1,-1.1,-4.8,-0.1,-0.1,0.4,0.3,0.7,3.0,5.3,9.9,12.9,,1.6,,{연무}0840-{연무}{강도0}0900-0940.,
115,울릉도,2012-02-22,4.6,1.7,523,7.6,1308,,,,,,,6.1,230,1736,2.9,50,2354,1.5,1291,20,0.0,57,1019,72.5,6.2,991.8,1024.7,138,1012.2,2349,1019.2,11.1,6.0,,,,,,18.4,1,,6.6,4.9,2.0,-5.2,-0.1,-0.2,0.3,0.2,0.6,2.9,5.2,9.8,12.8,,1.4,,{햇무리}1340-1420.,
115,울릉도,2012-02-23,3.7,0.0,2228,7.7,954,,,,,,,22.7,50,1720,14.2,70,1711,5.3,4551,70,0.4,63,943,79.4,6.4,984.9,1020.7,2400,1006.7,715,1012.2,11.1,2.6,,,,,,11.6,1,,8.4,6.5,2.1,-1.4,0.0,-0.1,0.3,0.2,1.1,2.9,5.2,9.9,13.0,,1.5,,{박무}1930-{박무}{강도0}2100-2130. {폭풍}1710-1711.,
115,울릉도,2012-02-24,1.2,-0.5,709,4.5,1216,,,,,,,13.7,50,143,8.4,70,623,4.6,3944,70,-3.9,59,1143,69.0,4.6,992.9,1023.5,1054,1017.5,2356,1020.7,11.1,5.0,,,,,,3.5,1,,8.0,4.9,4.5,-1.2,1.9,1.5,0.9,0.7,,,,,,,1.4,0.1,,
115,울릉도,2012-02-25,0.2,-1.7,2254,2.4,1108,,,,,9.75,4.1,16.4,70,1715,10.8,70,1315,4.6,3997,70,-2.2,65,512,84.9,5.2,988.2,1019.4,2246,1013.5,630,1016.0,11.2,0.0,,,,0.7,1830,2.1,1830,0.7,9.1,5.6,0.5,-1.8,1.7,1.5,1.8,1.6,2.0,3.4,5.7,10.6,13.8,,0.3,4.0,{진눈깨비}0845-{진눈깨비}{강도0}0900-{비}1020-{비}{강도0}1200-{진눈깨비}1230-{동우}1250-{진눈깨비}1320-{진눈깨비}{강도0}1500-{눈}1540-{눈}{강도0}1800-1830.,
115,울릉도,2012-02-26,-2.3,-3.3,1820,-1.1,956,,,,,11.0,1.9,12.8,70,1545,8.3,70,1548,6.4,5530,70,-5.4,64,511,79.4,4.1,993.5,1024.5,2149,1019.1,2,1021.7,11.2,0.0,,,,1.9,1700,4.1,1700,2.0,8.6,6.6,0.0,-4.5,1.0,1.0,1.5,1.3,1.6,3.5,5.7,10.5,13.8,,0.3,2.1,{눈}0630-{눈}{강도0}0900-0920. {눈}1010-{눈}{강도0}1200-{소낙눈}1320-{소낙눈}{강도0}1500-{눈}1620-{눈}{강도0}1800-1820.,
115,울릉도,2012-02-27,-2.4,-3.3,408,-0.5,1352,,,,,7.0,0.8,11.1,90,233,7.5,70,3,4.5,3902,70,-6.3,60,353,74.8,3.8,997.8,1028.1,2257,1023.7,1,1026.1,11.3,0.8,,,,0.9,1330,5.0,1330,0.9,7.0,6.6,-0.3,-6.2,0.7,0.8,1.3,1.2,1.4,3.5,5.5,10.4,13.7,,4.0,0.6,{눈}0710-0730. {눈}0750-{소낙눈}0840-{소낙눈}{강도0}0900-{눈}1020-{눈}{강도0}1200-1430.,
115,울릉도,2012-02-28,1.4,-3.3,110,4.4,1409,,,,,,,4.7,140,1321,2.3,20,22,1.2,1063,290,-5.5,38,1732,60.5,4.1,998.5,1028.4,921,1024.7,1635,1026.4,11.3,3.6,,,,,,4.8,1,,5.9,1.5,-0.1,-4.1,0.7,0.6,1.3,1.2,1.4,3.6,5.7,10.4,13.8,,1.3,,{햇무리}1540-1630.,
115,울릉도,2012-02-29,4.8,2.5,518,7.6,1236,,,,,,,5.5,90,953,3.5,250,2400,1.6,1365,270,-1.0,54,1148,66.8,5.7,996.2,1025.8,616,1021.9,2351,1023.6,11.3,7.8,,,,,,2.9,1,,4.0,2.5,0.2,-1.4,0.7,0.7,1.3,1.3,1.7,3.6,5.7,10.4,13.8,,1.8,,,
115,울릉도,2012-03-01,5.9,4.2,132,8.2,1148,,,,,,,7.2,90,2354,4.7,250,141,2.5,2167,90,2.4,65,1510,78.6,7.3,992.9,1022.0,857,1017.6,2346,1020.2,11.4,4.2,,,,,,1.6,1,,6.9,4.0,7.3,4.2,4.7,3.0,2.3,1.5,2.2,3.1,5.2,10.0,13.4,,2.0,0.0,,
115,울릉도,2012-03-02,4.1,3.1,2358,5.3,46,,,,,6.5,1.5,12.0,90,612,7.3,70,1035,4.9,4221,70,1.7,64,600,85.4,7.0,992.0,1022.5,2138,1017.0,732,1019.4,11.4,0.0,,,,,,0.4,1,,10.0,6.1,4.1,2.2,4.3,3.9,3.3,2.7,4.0,3.3,5.0,9.9,13.3,,1.4,6.5,{비}0640-0720. {비}0850-{비}{강도0}0900-{비}{강도0}1200-1310. {비}2215-2345.,
115,울릉도,2012-03-03,2.0,0.7,733,4.0,1325,,,,,7.58,5.0,15.4,50,712,9.9,70,718,6.0,5169,70,0.1,75,1318,87.3,6.2,999.7,1030.9,2228,1022.3,1,1027.5,11.5,1.2,,,,,,,,,9.5,7.4,3.1,-0.1,3.3,3.2,3.0,2.8,3.0,3.4,4.8,9.7,13.3,,1.3,0.0,{비}0115-{비}{강도0}0300-{진눈깨비}0530-{진눈깨비}{강도0}0600-{눈}0720-0815. {진눈깨비}0955-1020. {진눈깨비}1115-1125. {박무}0120-{박무}{강도0}0300-0420. {박무}0620-0825.,
115,울릉도,2012-03-04,3.1,1.4,136,4.6,1417,,,,,,,12.0,90,2358,7.7,90,2358,4.7,4056,70,-1.1,63,1245,74.4,5.7,999.0,1030.5,157,1021.3,2344,1026.7,11.5,0.8,,,,,,,,,8.0,6.1,4.1,-1.7,3.0,3.0,2.9,2.8,2.8,3.5,4.8,9.6,13.3,,0.9,2.0,,
115,울릉도,2012-03-05,3.4,2.8,2049,4.0,8,,,,,18.5,21.5,18.0,90,703,10.6,70,845,7.8,6727,70,2.5,75,46,94.1,7.3,987.5,1021.5,6,1010.6,2353,1014.9,11.5,0.0,,,,,,,,,10.0,7.6,3.0,2.4,3.2,3.2,3.1,3.0,3.1,3.6,4.8,9.5,13.3,,0.3,23.0,{비}0530-{비}{강도0}0600-{비}{강도0}0900-{비}{강도0}1200-{비}{강도0}1500-{비}{강도0}1800-{비}{강도0}2100-{비}{강도0}2400- {박무}0720-{박무}{강도0}0900-0930. {박무}1520-{박무}{강도0}1800-{박무}{강도0}2100-{박무}{강도0}2400-,
115,울릉도,2012-03-06,4.3,2.7,324,6.7,1539,,,,,5.5,3.5,15.3,250,1543,9.4,250,1545,5.0,4359,250,1.4,55,2038,83.0,6.9,981.5,1012.6,2350,1005.2,1401,1008.6,11.6,0.0,,,,,,,,,8.4,4.9,3.7,-1.4,3.4,3.4,3.2,3.1,3.1,3.6,4.8,9.4,13.2,,0.8,,-{박무}-{박무}{강도0}0300-0545. -{비}-{비}{강도0}0300-0530.,
115,울릉도,2012-03-07,4.8,2.9,445,9.6,1302,,,,,,,9.9,250,1106,5.5,20,1055,2.4,2092,70,-0.4,51,1213,70.0,6.0,989.3,1019.1,2345,1012.4,1,1016.6,11.6,5.8,,,,,,,,,6.5,3.0,4.4,-3.8,3.8,3.6,3.4,3.3,2.9,3.7,4.9,9.4,13.3,,1.3,,{연무}0220-{연무}{강도0}0300-{연무}{강도0}0600-0840. {박무}1550-{박무}{강도0}1800-{박무}{강도0}2100-{박무}{강도0}2400-,
115,울릉도,2012-03-08,3.8,1.7,2242,8.5,1315,,,,,,,9.5,20,1658,6.2,20,1610,2.6,2287,70,-1.6,46,1324,68.0,5.4,992.1,1020.6,2120,1018.2,255,1019.6,11.7,2.9,,,,,,,,,6.5,1.5,4.7,-3.8,4.2,4.1,3.8,3.7,3.4,3.8,4.9,9.3,13.2,,1.1,0.5,-{박무}-{박무}{강도0}0300-0515.,
115,울릉도,2012-03-09,2.7,1.4,2346,4.0,1545,,,,,1.92,0.5,15.6,90,2034,9.4,70,632,7.4,6413,70,-1.0,65,42,76.9,5.7,993.2,1021.7,1123,1019.2,339,1020.8,11.7,1.5,,,,,,,,,8.5,6.4,3.0,-2.3,3.5,3.7,3.8,3.8,3.5,3.9,4.9,9.3,13.1,,1.3,,{비}0120-{비}{강도0}0300-0315.,
115,울릉도,2012-03-10,2.4,0.5,610,5.6,1251,,,,,,,13.2,90,118,8.4,70,38,4.0,3435,70,-3.1,53,1012,66.9,4.9,991.9,1021.6,110,1016.3,2356,1019.4,11.7,2.6,,,,,,,,,5.8,5.8,2.2,-2.9,3.2,3.4,3.4,3.4,3.0,4.0,5.0,9.3,13.1,,1.1,0.0,,
115,울릉도,2012-03-11,0.6,-1.9,1352,4.8,232,,,,,4.58,0.0,17.2,20,1952,10.4,250,256,4.8,4147,50,-8.9,36,702,49.3,3.2,987.3,1019.6,2358,1012.6,653,1015.0,11.8,2.2,,,,,,,,,8.1,8.1,1.8,-1.8,2.7,3.1,3.4,3.5,3.2,4.1,5.1,9.2,13.1,,0.6,3.7,{눈}0810-0825. {눈}0925-0950. {눈}1215-1330. {눈}1435-1450. {눈}1705-1730. {눈}1950-2030. {눈}2210-2330.,
115,울릉도,2012-03-12,-2.4,-3.5,443,-0.4,1,,,,,17.92,8.7,15.3,340,1311,9.4,360,1256,4.4,3773,70,-4.7,46,206,84.5,4.3,995.4,1026.4,2222,1018.9,1,1023.6,11.8,2.4,,,,9.7,1150,9.7,1150,10.7,8.1,8.1,-0.6,-2.8,1.3,1.9,2.5,2.6,2.0,4.1,5.1,9.2,13.1,,0.5,5.2,{눈}0030-{눈}{강도0}0300-{눈}{강도0}0600-{시정(미만)}{1km}{눈}0720-{시정(미만)}{0.5km}{눈}0840-{눈}{강도1}0900-{시정(이상)}{0.5km}{눈}0940-{시정(이상)}{1km}{눈}1130-{눈}{강도0}1200-{눈}{강도0}1500-{눈}{강도0}1800-1825.,
115,울릉도,2012-03-13,0.8,-3.8,413,4.9,1437,,,,,2.0,0.3,12.5,250,2254,8.3,250,2253,3.4,2957,250,-6.7,30,1611,57.5,3.8,996.9,1026.7,436,1022.9,2347,1024.8,11.9,7.3,,,,0.3,1035,8.8,1,0.3,3.6,3.6,-0.5,-3.8,1.2,1.5,2.0,2.1,2.0,4.0,5.2,9.2,13.1,,0.8,0.3,{눈}0915-1045. {눈}1110-1140.,
115,울릉도,2012-03-14,5.6,2.8,239,8.7,1332,,,,,,,13.7,250,55,8.3,250,101,5.0,4336,250,-3.5,33,1252,52.5,4.8,994.6,1023.6,744,1019.2,1512,1021.9,11.9,9.0,,,,,,0.4,1,,3.4,2.4,3.9,-2.0,2.4,2.2,2.1,2.1,2.0,4.0,5.3,9.2,13.1,,1.4,,,
115,울릉도,2012-03-15,3.1,1.3,2104,6.8,1237,,,,,,,9.2,90,407,6.6,70,414,3.1,2694,70,-2.3,53,1053,68.0,5.2,1000.6,1030.1,1154,1023.2,1,1028.3,11.9,5.8,,,,,,,,,4.3,3.9,4.9,-3.3,4.0,3.8,3.3,3.2,2.9,3.9,5.3,9.2,13.0,,1.5,,,
115,울릉도,2012-03-16,6.5,1.6,2,10.7,1518,,,,,6.25,3.0,9.1,250,1909,6.2,250,2124,3.1,2699,230,2.7,56,1514,77.9,7.6,992.9,1028.3,1,1013.0,2400,1020.1,12.0,2.5,,,,,,,,,8.0,3.9,7.0,-2.6,4.6,4.3,3.9,3.9,3.4,4.1,5.3,9.2,13.0,,0.8,28.0,{비}1745-{비}{강도0}1800-{비}{강도0}2100-{시정(미만)}{1km}{비}2140-{시정(미만)}{0.5km}{비}2225-{시정(미만)}{0.2km}{비}2330-{비}{강도0}2400-,
115,울릉도,2012-03-17,7.3,5.3,2358,10.0,1225,,,,,11.92,25.0,13.7,70,1324,9.5,70,1400,3.7,3169,70,6.6,80,2146,95.9,9.8,983.5,1013.2,2136,1008.5,535,1010.3,12.0,0.1,,,,,,,,,8.8,6.5,7.1,0.8,6.6,6.1,5.5,5.1,5.9,4.4,5.3,9.2,13.0,,0.4,0.0,-{비}-{시정(미만)}{0.1km}{비}0110-{비}{강도1}0300-{비}{강도0}0600-{시정(이상)}{0.1km}{비}0730-{시정(이상)}{0.2km}{비}0835-{시정(이상)}{1km}{비}0840-0845. {안개비}1320-{안개비}{강도0}1500-1630. {박무}0820-{시정(미만)}{1km}{안개}0850-{시정(미만)}{0.5km}{안개}0855-{안개}{강도1}0900-{안개}{강도1}1200-{시정(이상)}{0.5km}{안개}1210-{시정(이상)}{1km}{박무}1220-{박무}{강도2}1500-1710.,3.5
115,울릉도,2012-03-18,2.4,-1.1,2045,6.1,847,,,,,9.5,0.5,19.1,70,1957,11.6,70,2007,6.9,5933,70,1.7,84,849,95.4,7.0,986.4,1019.3,2359,1011.0,325,1013.8,12.1,0.6,,,,0.8,2400,0.8,2400,0.8,8.6,6.6,3.5,-0.4,4.9,5.1,5.2,5.1,5.3,4.6,5.2,9.1,13.0,,0.3,0.5,{박무}0025-{박무}{강도0}0300-{박무}{강도0}0600-0840. {박무}1140-{박무}{강도0}1200-{박무}{강도0}1500-{박무}{강도0}1800-{박무}{강도0}2100-{박무}{강도1}2400- {안개비}1415-{안개비}{강도0}1500-{안개비}{강도0}1800-{진눈깨비}1845-{눈}1910-2040. {눈}2055-{눈}{강도0}2100-{눈}{강도0}2400-,
115,울릉도,2012-03-19,1.9,-1.9,206,5.1,1335,,,,,0.58,0.0,13.3,50,36,7.2,70,12,3.9,3409,250,-3.3,49,939,68.5,4.9,991.7,1022.4,816,1016.7,2356,1019.3,12.1,7.6,,,,,,0.8,1,,3.9,2.8,3.8,-2.2,4.4,4.4,4.4,4.4,3.9,4.8,5.3,9.1,13.0,,1.9,0.1,-{박무}-0040. -{눈}-0035.,
115,울릉도,2012-03-20,3.1,0.5,2235,6.3,1432,,,,,0.33,0.1,14.5,360,309,8.4,50,226,3.5,3040,20,-5.6,38,2345,53.5,4.1,989.8,1019.5,2305,1015.1,1544,1017.3,12.1,6.3,,,,,,,,,2.9,2.6,6.1,-4.7,5.0,4.9,4.8,4.8,4.2,4.8,5.3,9.0,12.9,,2.5,,{비}0110-0130.,
115,울릉도,2012-03-21,5.7,0.6,447,9.0,1527,,,,,,,17.2,250,2346,11.2,250,2348,4.3,3752,250,-4.0,24,635,51.3,4.8,992.5,1022.4,721,1016.0,2342,1019.7,12.2,9.6,,,,,,,,,4.1,2.0,5.8,-5.1,5.1,5.1,4.9,5.0,4.1,4.9,5.5,9.1,12.9,,3.0,,,
115,울릉도,2012-03-22,8.7,5.7,2227,12.0,1231,,,,,,,20.7,290,447,12.5,270,55,4.6,3953,70,-2.2,15,318,50.3,5.5,991.6,1020.2,1056,1014.5,430,1018.6,12.2,5.2,,,,,,,,,8.8,4.6,8.5,4.6,6.7,6.3,5.7,5.8,5.3,5.0,5.5,9.0,12.9,,1.9,3.5,{연무}1430-{연무}{강도0}1500-{연무}{강도0}1800-{연무}{강도0}2100-{연무}{강도0}2400-,
115,울릉도,2012-03-23,4.3,2.3,1611,6.8,432,,,,,19.5,11.5,20.2,70,1609,13.4,70,1610,6.2,5372,70,2.5,61,1137,88.8,7.4,982.8,1019.1,1,1004.9,2354,1009.9,12.3,0.0,,,,,,,,,10.0,7.3,4.2,2.2,5.8,6.1,6.1,6.1,5.9,5.1,5.5,8.9,12.8,,0.9,13.5,-{연무}-0015. {박무}0010-0250. {박무}0410-{박무}{강도0}0600- {박무}{강도1}0900-1030. {연무}0245-{연무}{강도0}0300-0415. {비}0430-{비}{강도0}0600-{비}{강도0}0900-{비}{강도0}1200-{비}{강도0}1500-{비}{강도0}1800-{비}{강도0}2100-{비}{강도0}2400-,
115,울릉도,2012-03-24,2.6,-0.2,2049,6.6,1233,,,,,15.98,8.6,15.3,290,1516,7.3,270,1721,4.1,3538,70,-1.2,44,1759,78.1,5.8,978.2,1008.3,2354,1002.4,401,1005.4,12.3,3.7,,,,0.1,2400,0.1,2400,0.1,8.1,6.9,4.6,-0.4,5.0,5.3,5.3,5.4,4.7,5.3,5.6,8.9,12.8,,0.5,5.6,-{비}-{비}{강도1}0300-{비}{강도0}0600-{비}{강도0}0900-1055. {비}1145-1159. {비}1245-{진눈깨비}1410-{비}1440-1450. {눈}1950-{눈}{강도0}2100-2235.,
115,울릉도,2012-03-25,1.5,0.0,550,3.8,1358,,,,,10.5,2.9,18.4,360,1438,9.4,20,1501,3.8,3280,50,-3.3,39,1642,71.9,4.9,985.9,1018.2,2347,1008.0,13,1013.5,12.3,4.4,,,,2.8,645,2.9,645,3.0,6.5,6.0,2.4,-2.9,4.0,4.5,5.0,5.1,4.3,5.3,5.6,8.9,12.7,,0.3,0.6,{눈}0215-{눈}{강도0}0300-{시정(미만)}{1km}{눈}0530-{시정(미만)}{0.5km}{눈}0540-{눈}{강도1}0600-{시정(이상)}{0.5km}{눈}0605-{시정(이상)}{1km}{눈}0615-0645. {눈}0750-{눈}{강도0}0900-{눈}{강도0}1200-1320. {진눈깨비}2330-{진눈깨비}{강도0}2400-,
115,울릉도,2012-03-26,2.9,-0.6,57,6.2,1527,,,,,3.08,0.2,13.8,360,616,8.4,270,1936,4.2,3659,250,-4.3,41,1607,59.8,4.5,992.6,1021.7,1101,1017.7,332,1020.1,12.4,5.4,,,,0.2,130,0.2,130,0.1,3.6,3.6,3.7,-1.3,3.9,4.1,4.4,4.5,3.7,5.3,5.7,8.9,12.7,,2.1,0.0,-{진눈깨비}-{눈}0025-0145. {눈}0750-0830. {눈}0930-1010.,
115,울릉도,2012-03-27,9.1,4.4,517,12.4,1439,,,,,,,15.0,250,2210,9.5,250,1619,6.2,5352,250,-1.1,35,1342,49.3,5.7,992.2,1021.5,700,1016.6,1955,1019.1,12.4,10.3,,,,,,,,,1.1,0.0,8.5,-1.7,5.5,5.3,4.9,5.0,4.3,5.4,5.8,8.9,12.8,,2.2,,,
115,울릉도,2012-03-28,7.9,4.6,2048,13.0,1024,,,,,,,20.1,360,227,12.0,360,233,5.6,4865,70,0.5,35,1012,62.0,6.4,997.1,1028.0,2128,1018.2,2,1024.3,12.5,9.2,,,,,,,,,1.6,0.8,9.6,-1.0,7.1,6.8,6.2,6.2,5.7,5.4,5.9,8.9,12.8,,3.0,,,
115,울릉도,2012-03-29,9.9,5.0,1,13.5,1338,,,,,,,21.4,230,2222,12.9,230,2228,8.5,7317,250,6.5,66,1229,80.3,9.8,993.9,1026.9,1,1015.6,2249,1020.8,12.5,7.0,,,,,,,,,5.4,2.5,10.4,0.4,7.7,7.4,6.8,6.8,6.2,5.6,6.0,8.9,12.7,,2.0,9.5,,
115,울릉도,2012-03-30,11.1,8.7,2354,12.5,1054,,,,,10.0,10.0,20.6,200,802,12.8,250,220,8.9,7674,250,8.4,36,2239,86.0,11.4,984.8,1016.3,7,1008.0,1834,1011.3,12.5,0.0,,,,,,,,,9.9,6.9,10.6,5.2,9.1,8.8,8.1,7.8,7.6,5.8,6.0,8.9,12.7,,1.8,0.5,{박무}0240-{박무}{강도0}0300-0510. {박무}0840-{박무}{강도2}0900-{박무}{강도0}1200-{박무}{강도0}1500-{박무}{강도0}1800-1820. {비}0355-{시정(미만)}{1km}{비}0530-{시정(미만)}{0.5km}{비}0555-{비}{강도1}0600-{시정(이상)}{0.5km}{비}0750-{시정(이상)}{1km}{비}0815-{비}{강도0}0900-0910. {비}1505-1705. {비}1945-{비}{강도0}2100-2130. {비}2215-2315.,
115,울릉도,2012-03-31,4.5,1.4,1035,8.8,2,,,,,3.67,3.5,17.3,360,2352,8.7,20,2356,3.9,3374,70,-0.9,35,204,68.1,5.7,984.6,1014.7,2330,1008.0,310,1011.8,12.6,5.7,,,,,,,,,6.9,4.0,7.9,-0.4,8.1,8.1,7.8,7.8,6.9,6.1,6.0,8.8,12.6,,2.1,3.5,{진눈깨비}0930-1120. {비}2210-{진눈깨비}2215-{진눈깨비}{강도0}2400-,
115,울릉도,2012-04-01,2.9,1.4,2100,5.6,1338,0,,0.0,,1.33,0.0,18.3,320,5,9.8,20,11,3.5,3012,20,-6.2,37,1339,51.5,3.9,993.4,1025.1,2100,1014.0,1,1021.0,12.6,7.2,,,,,,,,,3.6,2.6,5.4,-2.2,6.5,6.8,7.1,7.2,6.0,6.3,6.1,8.8,12.6,2.4,3.3,,-{진눈깨비}-0020. {눈}0510-0530. {눈}0710-0750.,
115,울릉도,2012-04-02,7.8,2.4,1,9.9,1629,1,2216,3.5,2215,1.75,4.5,12.1,200,2043,7.9,230,2043,3.3,2853,250,4.6,63,11,80.9,8.7,991.2,1024.7,1,1009.2,2357,1018.2,12.7,0.4,,,,,,,,,9.1,3.5,6.8,-1.1,6.4,6.6,6.7,6.8,6.1,6.4,6.2,8.9,12.6,0.8,1.5,17.5,{비}2215-{비}{강도0}2400-,
115,울릉도,2012-04-03,5.3,0.6,2016,10.3,329,1,303,5.0,234,19.25,28.3,28.8,340,1522,14.5,360,1509,6.0,5142,230,3.5,58,2223,89.0,8.3,970.0,1009.2,1,982.2,1036,996.7,12.7,0.0,,,,0.4,2200,0.4,2200,0.4,9.5,7.6,5.4,-0.4,7.3,7.4,7.3,7.2,7.5,6.5,6.3,8.8,12.6,0.7,1.0,15.3,-{비}-0010. {비}0215-{시정(미만)}{1km}{비}0245-{시정(미만)}{0.5km}{비}0255-{비}{강도0}0300-{비}{강도0}0600-{시정(이상)}{0.5km}{비}0710-{시정(이상)}{1km}{비}0715-{비}{강도0}0900-{비}{강도1}1200-{진눈깨비}1305-{진눈깨비}{강도0}1500-1740. {진눈깨비}1845-{눈}1915-{싸락눈}2040-{싸락눈}{강도0}2100-{눈}2115-2225. {폭풍}1506-1509. {폭풍}1511-1512.,
115,울릉도,2012-04-04,7.3,3.2,5,11.7,1454,,,,,,,19.9,90,2250,12.4,50,2246,5.4,4677,230,-0.6,38,953,57.6,6.1,980.8,1011.2,905,1003.0,1808,1007.6,12.7,9.3,,,,,,,,,2.6,2.1,8.5,-1.1,6.3,6.3,6.3,6.5,5.8,6.6,6.4,8.9,12.6,2.0,2.9,0.0,,
115,울릉도,2012-04-05,7.3,4.3,2127,12.0,1439,0,,0.1,,1.67,0.1,18.1,70,2228,9.6,50,2205,4.2,3628,20,-1.9,28,1345,53.3,5.4,981.7,1010.4,2358,1006.2,1545,1008.5,12.8,8.0,,,,,,,,,4.4,3.6,10.4,1.4,7.9,7.8,7.3,7.3,6.6,6.7,6.5,8.8,12.6,2.5,3.6,0.1,{비}0410-0510. {비}2035-{비}{강도0}2100-2115.,
115,울릉도,2012-04-06,2.6,-0.2,1650,7.6,1131,0,1412,2.0,1506,6.33,3.5,16.7,70,1727,10.9,70,2017,4.7,4038,70,-2.8,29,1132,69.8,5.1,986.3,1018.4,2351,1010.1,9,1013.7,12.8,2.4,,,,1.0,1710,1.0,1710,,6.6,5.8,3.8,-3.2,6.3,6.9,7.3,7.4,6.6,6.7,6.5,8.8,12.5,1.6,2.2,3.6,{눈}0830-{눈}{강도0}0900-0915. {눈}1215-{진눈깨비}1420-{진눈깨비}{강도0}1500-{눈}1530-1750.,
115,울릉도,2012-04-07,2.5,-0.2,458,5.6,1719,,,,,1.5,0.1,9.1,70,1350,5.8,250,2141,2.9,2529,250,-3.0,45,1238,67.3,4.9,993.4,1022.3,2047,1018.3,1,1021.0,12.9,6.6,,,,0.1,700,0.1,700,0.1,3.9,3.5,5.6,-2.4,5.4,5.7,6.1,6.3,5.3,6.7,6.6,8.7,12.5,2.2,2.9,0.0,{눈}0625-0715. {눈}1130-{눈}{강도0}1200-1210.,
115,울릉도,2012-04-08,11.5,3.7,1,16.0,2056,,,,,,,21.0,250,1137,13.9,250,1122,8.9,7732,250,2.8,31,2020,56.9,7.5,988.3,1021.3,1,1011.0,1819,1014.9,12.9,8.8,,,,,,,,,1.4,0.0,9.6,0.0,7.1,7.0,6.7,6.8,6.1,6.7,6.7,8.8,12.5,3.7,5.5,,{폭풍}1122-1123.,
115,울릉도,2012-04-09,14.2,9.2,2112,19.8,1459,,,,,,,17.9,270,15,10.9,250,151,4.8,4182,250,6.8,31,1557,63.6,9.9,992.0,1021.3,2106,1014.3,1,1018.4,12.9,10.7,,,,,,,,,0.0,0.0,15.0,4.9,10.2,9.6,8.3,8.3,7.9,6.8,6.8,8.8,12.5,3.0,4.5,,{박무}1810-{박무}{강도0}2100-2315.,
115,울릉도,2012-04-10,14.0,10.2,326,18.1,1319,0,2221,0.5,2131,3.5,0.5,17.2,250,1742,10.9,250,1750,4.5,3874,230,9.1,34,1319,74.3,11.6,989.6,1020.9,100,1009.2,2400,1015.9,13.0,2.5,,,,,,,,,9.3,4.0,14.9,6.0,11.3,11.0,9.9,9.8,9.3,7.1,6.8,8.8,12.5,2.4,3.3,0.6,{박무}0005-{시정(미만)}{1km}{안개}0015-{시정(미만)}{0.5km}{안개}0135-{시정(미만)}{0.2km}{안개}0140-{시정(미만)}{0.1km}{안개}0142-{안개}{강도2}0300-{시정(이상)}{0.1km}{안개}0505-{시정(이상)}{0.2km}{안개}0510-{시정(이상)}{0.5km}{안개}0512-{시정(이상)}{1km}{박무}0515-{박무}{강도0}0600-0620. {연무}0630-0830. {연무}0930-1140. {부분안개}0820-1110. {연무}1330-{연무}{강도0}1500-{연무}{강도0}1800-1810. {비}1840-1940. {비}2110-2340. {박무}2345-{박무}{강도0}2400-,5.0
115,울릉도,2012-04-11,9.0,4.7,1856,13.7,1113,1,1152,2.0,1131,11.33,3.5,18.7,250,303,12.5,70,1423,6.6,5744,70,6.7,44,2035,86.6,10.5,977.2,1009.3,1,999.4,1235,1003.7,13.0,1.4,,,,,,,,,8.4,6.3,9.4,2.7,10.8,10.9,10.4,10.3,1.0,7.4,6.8,8.8,12.4,2.4,2.8,3.4,-{박무}-{박무}{강도0}0300-0450. {박무}1420-{박무}{강도1}1500-1630. {안개비}0340-{시정(미만)}{1km}{안개비}0345-{시정(미만)}{0.5km}{안개비}0355-{안개비}{강도2}0600-{안개비}{강도2}0900-{시정(이상)}{0.5km}{안개비}0940-{시정(이상)}{1km}{안개비}1020-{안개비}{강도0}1200-1410. {안개비}1540-1610. {비}2155-2215.,
115,울릉도,2012-04-12,10.0,5.2,1,13.3,2117,,,,,,,14.9,250,1356,9.8,250,1332,4.9,4192,250,2.1,24,2101,62.6,7.5,980.8,1010.1,2353,1002.9,1606,1007.3,13.1,0.8,,,,,,,,,7.5,3.9,8.2,1.2,8.9,9.2,9.2,9.3,8.5,7.6,6.9,8.8,12.4,2.9,3.7,,{박무}1015-1130.,
115,울릉도,2012-04-13,10.2,7.6,532,13.2,119,,,,,,,17.0,360,117,9.8,360,119,3.4,2938,70,-1.2,28,2153,45.8,5.7,986.6,1015.4,921,1009.3,52,1013.3,13.1,1.1,,,,,,,,,8.1,0.4,10.1,5.1,9.4,9.4,9.1,9.1,8.5,7.8,7.0,8.8,12.4,2.5,3.7,,,
115,울릉도,2012-04-14,10.7,7.4,612,15.3,1534,,,,,,,8.1,250,2242,5.5,250,2247,2.8,2450,230,6.4,35,1,75.5,9.7,986.6,1014.3,2052,1011.7,149,1013.2,13.1,10.7,,,,,,,,,1.6,0.0,14.0,0.8,10.7,10.4,9.6,9.7,8.7,7.9,7.1,8.9,12.4,3.0,3.8,,{박무}0520-{박무}{강도0}0600-0625.,
115,울릉도,2012-04-15,12.6,9.1,3,17.0,1429,,,,,,,10.1,250,2328,6.9,250,155,5.4,4690,250,6.2,39,2154,66.8,9.7,985.9,1014.0,1,1010.7,1608,1012.3,13.2,9.5,,,,,,,,,5.0,0.0,15.0,5.0,11.9,11.7,10.8,10.7,9.8,8.1,7.2,8.8,12.4,2.6,3.9,,,
115,울릉도,2012-04-16,12.4,8.2,2031,18.2,1024,0,,0.0,,0.5,0.0,16.7,70,1355,10.7,70,1432,5.9,5137,70,2.7,16,516,53.6,7.6,985.2,1015.3,2320,1008.9,459,1011.5,13.2,8.1,,,,,,,,,5.3,3.4,14.0,5.5,12.2,12.1,11.4,11.4,10.7,8.3,7.3,8.9,12.4,3.1,4.7,0.0,{비}1950-2020.,
115,울릉도,2012-04-17,9.7,7.0,2208,13.8,1137,,,,,,,11.2,90,553,7.2,70,410,3.9,3349,70,2.7,39,248,62.5,7.6,990.7,1019.5,2135,1015.0,240,1017.5,13.3,11.3,,,,,,,,,0.1,0.1,14.7,1.9,11.6,11.5,11.1,11.2,10.0,8.6,7.4,8.9,12.3,4.1,6.0,,,
115,울릉도,2012-04-18,9.9,6.8,459,14.2,1156,,,,,,,5.1,70,955,3.3,250,223,2.2,1876,70,5.6,52,1351,75.0,9.1,993.8,1022.5,2201,1019.0,329,1020.7,13.3,7.7,,,,,,,,,2.9,0.0,13.1,1.4,11.9,11.8,11.4,11.4,10.3,8.8,7.5,8.9,12.3,2.5,3.3,,{햇무리}1330-1520.,
115,울릉도,2012-04-19,10.2,7.9,240,14.1,1202,,,,,,,8.4,90,1808,6.2,70,1833,3.7,3157,70,7.5,66,1021,84.5,10.4,996.2,1024.4,2137,1021.9,438,1023.1,13.3,5.6,,,,,,,,,6.9,4.5,13.9,2.8,12.0,12.0,11.6,11.6,10.6,8.9,7.6,8.9,12.3,1.8,2.3,,,
115,울릉도,2012-04-20,9.8,7.7,2103,13.4,1158,,,,,,,10.5,50,1224,7.7,70,1227,5.0,4308,70,6.8,64,1149,82.1,9.9,997.9,1026.9,2256,1023.9,31,1024.9,13.4,7.4,,,,,,,,,7.0,6.0,15.7,7.1,12.6,12.4,11.8,11.8,10.8,9.1,7.7,8.9,12.3,2.0,2.5,,{박무}0530-{박무}{강도0}0600-0740.,
115,울릉도,2012-04-21,10.2,7.6,209,12.8,2348,2,2212,11.0,2326,10.75,37.0,11.3,90,740,7.8,70,630,5.0,4361,70,9.2,87,35,94.1,11.7,990.8,1025.7,1,1010.0,2348,1017.5,13.4,0.0,,,,,,,,,9.8,8.1,10.3,7.1,11.3,11.6,11.7,11.7,10.8,9.3,7.8,8.9,12.2,1.2,1.8,64.5,{박무}1220-{박무}{강도2}1500-{시정(미만)}{1km}{안개}1520-{시정(미만)}{0.5km}{안개}1530-{안개}{강도1}1800-{안개}{강도1}2100-{안개}{강도1}2400- {비}1315-{비}{강도0}1500-{비}{강도0}1800-{비}{강도1}2100-{비}{강도1}2400-,8.67
115,울릉도,2012-04-22,12.0,11.1,2349,13.0,1029,2,3,11.0,11,9.75,28.0,18.3,270,2301,11.4,250,2302,6.3,5439,250,11.1,79,2142,95.3,13.3,979.0,1010.2,8,1003.1,1248,1005.2,13.4,0.0,,,,,,,,,8.4,7.9,11.9,8.6,11.9,11.8,11.4,11.4,11.5,10.0,7.9,8.9,12.2,2.3,3.1,0.5,-{안개}-{시정(미만)}{0.2km}{안개}0005-{시정(미만)}{0.1km}{안개}0010-{안개}{강도2}0300-{안개}{강도2}0600-{안개}{강도2}0900-{시정(이상)}{0.1km}{안개}1110-{시정(이상)}{0.2km}{안개}1120-{시정(이상)}{0.5km}{안개}1140-{시정(이상)}{1km}{박무}1150-{박무}{강도2}1200-{박무}{강도0}1500-{박무}{강도0}1800-2020. -{비}-{비}{강도1}0300-{비}{강도0}0600-{비}{강도0}0900-{안개비}0920-0945.,11.83
115,울릉도,2012-04-23,14.7,10.6,241,18.1,2358,,,,,,,17.3,270,21,10.7,250,106,6.3,5427,250,9.1,43,2039,70.9,11.7,983.8,1011.4,2338,1007.2,4,1009.9,13.5,8.4,,,,,,,,,2.5,2.5,14.8,8.1,12.9,12.4,11.6,11.5,11.0,9.8,8.2,8.9,12.2,2.9,3.7,,{연무}1720-{연무}{강도0}1800-{연무}{강도0}2100-{연무}{강도0}2400-,
115,울릉도,2012-04-24,19.1,15.5,2307,24.3,1116,,,,,,,11.0,270,3,7.1,290,8,2.6,2233,230,8.8,38,1040,52.1,11.4,986.6,1014.0,2148,1010.8,219,1012.3,13.5,11.0,,,,,,,,,0.5,0.0,19.4,10.0,15.4,14.7,13.3,13.0,12.7,10.0,8.3,8.9,12.2,3.6,4.5,,-{연무}-0220. {연무}0540-{연무}{강도0}0600-0740.,
115,울릉도,2012-04-25,15.0,12.0,1917,18.9,913,3,2142,12.5,2059,9.83,35.5,12.1,270,2019,6.5,250,1824,3.4,2973,230,9.1,35,334,72.0,11.8,979.8,1013.0,1,998.5,2357,1005.7,13.5,1.1,,,,,,,,,9.0,4.0,14.8,9.5,14.4,14.5,13.9,13.8,13.6,10.3,8.4,8.9,12.2,1.9,2.5,39.5,{박무}1250-{박무}{강도0}1500-{박무}{강도0}1800-{시정(미만)}{1km}{안개}1920-{시정(미만)}{0.5km}{안개}1925-{시정(미만)}{0.2km}{안개}1927-{안개}{강도2}2100-{안개}{강도2}2400- {비}1410-{비}{강도0}1500-{비}{강도0}1800-{비}{강도1}2100-{비}{강도0}2400-,4.67
115,울릉도,2012-04-26,13.6,10.2,2354,16.4,1603,1,204,2.0,114,4.58,4.0,18.2,250,1356,10.0,270,1400,4.7,4026,250,4.8,26,1729,59.8,9.3,975.8,1011.0,2343,994.8,447,1001.7,13.6,9.9,,,,,,,,,3.0,2.3,15.1,4.2,14.7,14.5,13.7,13.7,13.3,11.2,8.7,8.9,12.2,2.0,2.7,,-{안개}-{시정(미만)}{0.1km}{안개}0020-{안개}{강도2}0300-{시정(이상)}{0.1km}{안개}0437-{시정(이상)}{0.2km}{안개}0440-{시정(이상)}{0.5km}{안개}0515-{시정(이상)}{1km}{박무}0520-0555. -{비}-{비}{강도0}0300-{안개비}0330-0435.,5.33
115,울릉도,2012-04-27,13.6,10.0,16,18.5,1242,,,,,,,12.7,270,2146,6.9,250,2318,3.3,2826,230,6.7,34,57,64.4,10.1,986.3,1013.8,720,1011.0,1,1012.5,13.6,12.0,,,,,,,,,0.0,0.0,15.7,3.4,14.6,14.5,13.9,13.8,12.8,11.1,8.8,8.9,12.1,2.0,2.8,,,
115,울릉도,2012-04-28,16.9,12.3,1,20.0,1028,,,,,,,16.0,230,132,10.4,250,350,6.3,5442,230,4.8,20,850,46.4,8.8,987.5,1014.9,2038,1011.7,203,1013.4,13.7,10.0,,,,,,,,,0.3,0.0,16.7,9.0,15.1,15.1,14.4,14.3,13.5,11.2,9.0,8.9,12.1,3.0,4.5,,,
115,울릉도,2012-04-29,16.5,14.5,2103,22.2,1114,,,,,,,7.0,70,515,5.3,70,517,2.4,2039,230,10.9,23,2327,70.6,13.2,989.2,1016.2,657,1014.2,1826,1015.3,13.7,4.4,,,,,,,,,8.3,2.9,17.8,9.4,15.8,15.6,14.8,14.7,14.1,11.4,9.1,9.0,12.1,2.0,3.2,,{햇무리}0920-1215.,
115,울릉도,2012-04-30,17.5,13.6,413,23.2,1416,,,,,,,9.6,230,1445,6.4,250,1535,3.4,2903,230,10.5,38,1245,66.3,12.8,988.8,1016.7,819,1012.4,1754,1014.7,13.7,11.1,,,,,,,,,3.1,2.8,21.8,11.5,16.9,16.5,15.4,15.3,14.6,11.6,9.2,9.0,12.1,3.2,4.5,,{박무}0130-{박무}{강도0}0300-0420.,
115,울릉도,2012-05-01,17.8,15.3,2020,21.7,1225,,,,,,,7.1,70,2349,5.2,70,2302,2.2,1900,230,11.8,48,253,69.0,14.0,985.6,1014.5,7,1009.4,2356,1011.4,13.8,8.9,,,,,,,,,6.8,1.4,21.9,9.6,17.5,17.1,16.2,16.1,15.2,11.9,9.3,9.0,12.1,0.8,1.0,7.0,,
115,울릉도,2012-05-02,13.7,12.8,1950,16.5,340,1,429,5.5,1027,19.75,32.0,15.5,70,1253,8.5,70,1726,5.8,5025,70,13.0,81,6,96.1,15.0,981.4,1009.6,1028,1005.2,2353,1007.5,13.8,0.0,,,,,,,,,10.0,7.9,14.2,12.8,15.9,16.2,16.0,16.0,15.4,12.1,9.4,9.0,12.0,1.0,1.2,21.0,{비}0245-{비}{강도0}0300-{비}{강도0}0600-{비}{강도0}0900-{비}{강도1}1200-{비}{강도0}1500-1540. {비}1710-{비}{강도0}1800-{비}{강도0}2100-{비}{강도0}2400- {박무}0520-{박무}{강도0}0600-{시정(미만)}{1km}{안개}0630-{시정(미만)}{0.5km}{안개}0720-{안개}{강도1}0900-{시정(미만)}{0.2km}{안개}1115-{시정(미만)}{0.1km}{안개}1120-{안개}{강도2}1200-{시정(이상)}{0.1km}{안개}1250-{시정(이상)}{0.2km}{안개}1415-{안개}{강도1}1500-{시정(이상)}{0.5km}{안개}1610-{시정(이상)}{1km}{박무}1615-1630. {박무}1830-{박무}{강도1}2100-{박무}{강도0}2400-,9.75
115,울릉도,2012-05-03,11.8,9.5,1648,13.8,811,0,3,2.5,1527,17.8,13.5,23.2,360,2115,15.5,20,2123,7.4,6433,70,10.9,85,1114,94.8,13.0,976.5,1005.2,1,1000.8,1735,1002.7,13.8,1.0,,,,,,,,,9.8,7.1,13.5,10.2,14.2,14.5,14.7,14.8,14.4,12.6,9.7,9.0,12.0,0.7,1.0,10.5,-{비}-{비}{강도0}0300-{비}{강도0}0600-0630. {소나기}1047-{비}1130-{비}{강도0}1200-{비}{강도0}1500-{비}{강도0}1800-2015. {비}2115-2140. {비}2235-{비}{강도0}2400- -{박무}-{박무}{강도0}0300-{박무}{강도0}0600-0730. {박무}0810-{박무}{강도1}0900-{박무}{강도0}1200-1350. {박무}1410-{박무}{강도0}1500-1520. {박무}1615-{박무}{강도0}1800-2040. {박무}2115-{박무}{강도0}2400- {폭풍}1045-1058. {폭풍}1903. {폭풍}2117-2131.,
115,울릉도,2012-05-04,13.2,10.3,112,17.5,1216,0,21,0.5,1,2.17,1.0,19.9,90,515,11.0,50,448,5.9,5104,70,10.2,64,1218,83.3,12.5,978.6,1006.4,2312,1002.8,141,1004.7,13.9,11.1,,,,,,,,,4.9,3.8,17.6,10.0,15.2,14.8,14.3,14.4,13.5,12.6,10.0,9.1,12.0,1.6,2.7,0.5,-{박무}-0045. {박무}0110-{박무}{강도1}0300-0555. {천둥}{강도0}(N)2125-{천둥}{강도0}(N 7~8)2135-{뇌전}{강도0}(N{이동}NE 4~5)2150-{뇌전}{강도1}(NE 1~2)2205-{뇌전}{강도0}(NE 2~3)2225-{뇌전}{강도0}(NE{이동}E 3~4)2240-{뇌전}{강도0}(E{이동}SE 8~9)2255-{뇌전}{강도0}(SE)2315-2320. -{비}-0040. {비}0435-0540. {소나기}2150-2215.,
115,울릉도,2012-05-05,16.6,11.8,23,20.6,1140,,,,,,,15.0,50,2314,9.9,70,2306,4.1,3537,230,7.1,32,1136,53.9,10.1,976.7,1004.3,1,1001.1,448,1002.4,13.9,11.8,,,,,,,,,3.3,1.1,18.8,10.4,16.7,16.4,15.5,15.4,14.6,12.6,10.1,9.1,12.0,1.4,1.9,,{박무}0035-0235.,
115,울릉도,2012-05-06,15.0,12.1,524,18.8,1344,,,,,,,17.7,340,130,11.2,50,11,4.3,3744,250,5.7,28,2129,55.3,9.4,979.0,1006.3,2206,1002.3,59,1004.9,13.9,12.4,,,,,,,,,3.6,0.9,17.5,8.2,16.5,16.5,15.9,15.8,14.8,12.7,10.2,9.1,12.0,3.8,4.9,,,
115,울릉도,2012-05-07,17.5,12.8,156,21.7,1513,,,,,,,10.9,290,248,6.7,290,247,3.0,2576,230,1.7,21,1539,36.5,7.2,980.1,1008.3,2216,1003.8,341,1005.7,14.0,12.3,,,,,,,,,1.8,1.3,20.6,6.3,16.9,16.7,16.1,16.0,15.1,12.9,10.4,9.2,12.0,4.4,5.7,,,
115,울릉도,2012-05-08,15.2,11.6,2157,19.3,1444,,,,,,,12.3,70,1636,8.5,70,1828,3.1,2713,70,10.1,30,15,75.1,13.0,982.1,1011.4,2213,1006.4,1622,1008.0,14.0,5.1,,,,,,,,,5.9,4.4,19.0,7.3,16.8,16.8,16.3,16.3,15.4,13.0,10.4,9.2,11.9,2.4,3.3,,{박무}0605-{박무}{강도2}0900-{시정(미만)}{1km}{안개}0910-{시정(미만)}{0.5km}{안개}0920-{시정(이상)}{0.5km}{안개}1040-{시정(이상)}{1km}{박무}1110-{박무}{강도2}1200-{박무}{강도0}1500-1630. {연무}1640-1720. {박무}1710-{박무}{강도0}1800-{박무}{강도0}2100-2230.,2.0
115,울릉도,2012-05-09,13.7,10.2,511,18.4,1301,,,,,,,6.7,70,648,5.0,70,709,2.2,1935,70,11.3,36,1,87.0,13.4,987.4,1016.3,2106,1010.5,207,1013.6,14.0,9.2,,,,,,,,,3.8,3.0,18.8,6.1,17.0,16.8,16.2,16.1,15.0,13.1,10.5,9.2,11.9,2.0,2.7,,{박무}0250-{박무}{강도0}0300-{시정(미만)}{1km}{안개}0320-{시정(미만)}{0.5km}{안개}0330-{시정(이상)}{0.5km}{안개}0440-{시정(미만)}{0.5km}{안개}0540-{안개}{강도1}0600-{시정(이상)}{0.5km}{안개}0745-{낮은안개}{강도0}0900-{시정(이상)}{1km}{박무}0940-1115. {연무}1110-{연무}{강도0}1200-{연무}{강도0}1500-1655. {박무}1650-{박무}{강도0}1800-{박무}{강도0}2100-2345.,6.33
115,울릉도,2012-05-10,10.2,8.3,2234,13.1,1103,,,,,,,11.3,90,757,7.4,70,1047,5.5,4735,70,7.6,72,1101,84.3,10.5,991.8,1020.5,2201,1015.8,129,1018.6,14.0,0.7,,,,,,,,,8.5,8.0,14.0,8.9,15.8,16.2,16.1,16.1,15.3,13.2,10.6,9.2,11.9,1.8,2.5,,,
115,울릉도,2012-05-11,9.3,7.8,434,12.1,1254,,,,,,,12.2,90,1139,7.6,70,1224,5.3,4611,70,5.8,68,1409,78.9,9.2,992.5,1020.6,32,1018.4,1418,1019.4,14.1,5.9,,,,,,,,,8.0,7.5,18.0,6.9,14.8,15.0,15.0,15.1,14.0,13.3,10.7,9.3,11.9,2.9,4.0,,,
115,울릉도,2012-05-12,10.3,6.9,544,13.6,1130,,,,,,,8.1,230,2250,5.4,230,2325,2.5,2135,250,6.8,62,954,79.5,9.9,990.2,1019.7,16,1015.1,2352,1016.9,14.1,7.6,,,,,,,,,3.9,3.0,17.8,3.5,15.4,15.4,15.1,15.2,14.2,13.3,10.8,9.4,11.9,2.4,3.2,,,
115,울릉도,2012-05-13,13.9,9.8,1,18.6,1418,,,,,,,9.3,250,2342,6.7,250,2356,4.4,3775,230,10.8,66,1339,81.9,13.0,987.2,1015.1,1,1012.3,1606,1013.4,14.1,8.0,,,,,,,,,4.3,2.4,20.5,8.5,16.3,16.1,15.5,15.6,14.4,13.3,10.9,9.4,11.9,2.1,2.9,,,
115,울릉도,2012-05-14,14.2,12.8,2042,16.4,1352,1,2150,8.0,2103,9.67,26.5,10.3,250,3,7.3,250,7,3.5,3062,230,13.1,65,544,93.9,15.1,984.9,1013.5,4,1008.1,2400,1011.0,14.2,0.2,,,,,,,,,9.1,6.6,15.1,10.7,15.9,16.1,15.9,15.9,15.2,13.3,10.9,9.4,11.9,0.8,1.0,32.0,{박무}0750-{시정(미만)}{1km}{안개}0815-{시정(미만)}{0.5km}{안개}0840-{안개}{강도1}0900-{시정(이상)}{0.5km}{안개}1145-{시정(이상)}{1km}{박무}1150-{박무}{강도0}1200-{박무}{강도0}1500-{시정(미만)}{1km}{안개}1720-{시정(미만)}{0.5km}{안개}1725-{안개}{강도1}1800-{시정(이상)}{0.5km}{안개}1910-{안개}{강도0}2100-{시정(이상)}{1km}{박무}2120-{시정(미만)}{1km}{안개}2220-{시정(미만)}{0.5km}{안개}2230-{안개}{강도1}2400- {비}1315-1345. {비}1450-{비}{강도0}1500-{비}{강도1}1800-{비}{강도0}2100-{비}{강도0}2400-,9.25
115,울릉도,2012-05-15,15.1,11.9,223,18.4,1323,1,10,3.5,0,5.08,5.5,12.1,270,2107,7.4,250,2108,2.9,2473,250,12.1,50,2131,83.5,14.3,978.2,1008.0,1,1002.5,1631,1004.1,14.2,6.8,,,,,,,,,7.3,3.8,19.5,12.1,16.4,16.3,15.7,15.7,14.7,13.6,11.1,9.5,11.9,2.1,3.0,,-{안개}-{시정(이상)}{0.5km}{안개}0110-{시정(이상)}{1km}{박무}0150-{박무}{강도1}0300-{박무}{강도0}0600-0840. -{비}-{비}{강도0}0300-0340. {안개비}0355-0520.,1.83
115,울릉도,2012-05-16,17.1,14.9,2129,20.5,1347,,,,,,,12.3,320,234,7.0,290,236,3.9,3408,250,7.2,35,324,54.1,10.4,977.6,1004.8,825,1001.5,2354,1003.3,14.2,11.5,,,,,,,,,1.6,1.6,18.6,10.8,17.5,17.3,16.5,16.4,15.5,13.6,11.2,9.5,11.9,0.8,1.0,2.0,{뇌전}{강도0}(NW 4~5)2355-{뇌전}{강도0}(NW{이동}W 3~4)2400- {박무}2340-{박무}{강도0}2400-,
115,울릉도,2012-05-17,13.1,10.6,1625,17.2,1317,2,1424,4.5,1402,6.5,7.5,19.3,320,1441,11.0,290,1441,4.3,3696,70,10.2,65,1318,83.3,12.5,977.1,1007.2,2357,1000.7,351,1003.1,14.2,2.7,,,,,,,,,8.1,5.6,13.6,10.3,17.0,17.1,16.8,16.7,15.8,13.7,11.3,9.5,11.8,1.4,1.5,5.5,{소나기}0010-0035. {소나기}0110-0145. {비}0410-0520. {비}0920-1020. {소나기}1420-{소나기}{강도1}1500-{비}1540-1630. {소나기}1930-2040. -{뇌전}{강도0}(NW{이동}W 1~2)0010-{뇌전}{강도0}(W{이동}Z 1)0018-{뇌전}{강도0}(Z{이동}E 2~3)0025-{뇌전}{강도0}(E 6~7)0030-0040. {천둥}{강도0}(SW)1428-{천둥}{강도0}(S)1435-1445. -{박무}-{박무}{강도0}0300-{박무}{강도0}0600-{박무}{강도1}0900-{박무}{강도0}1200-{박무}{강도2}1500-1620.,
115,울릉도,2012-05-18,16.6,12.2,406,20.9,1405,,,,,,,12.7,250,2159,8.2,270,2258,3.1,2651,180,5.7,34,2254,49.3,9.4,986.5,1015.3,2241,1006.9,5,1012.4,14.3,12.8,,,,,,,,,0.5,0.1,18.9,6.5,17.0,16.8,16.3,16.2,15.2,13.8,11.4,9.6,11.9,5.6,7.0,,,
115,울릉도,2012-05-19,17.4,14.7,2221,21.5,1300,,,,,,,13.5,270,124,8.1,270,135,5.1,4445,250,9.0,25,241,59.9,11.9,989.8,1017.1,2216,1014.4,356,1015.8,14.3,12.4,,,,,,,,,2.9,0.0,18.9,11.7,17.9,17.8,17.0,17.0,16.0,13.9,11.5,9.7,11.8,3.5,5.0,,,
115,울릉도,2012-05-20,17.0,13.8,2123,21.2,1253,,,,,,,9.5,250,5,6.1,250,10,3.3,2882,70,10.5,45,2330,67.3,13.0,990.7,1018.7,2315,1015.0,1643,1016.7,14.3,12.8,,,,,,,,,0.5,0.3,22.5,9.5,18.6,18.4,17.6,17.5,16.5,14.1,11.5,9.7,11.8,5.6,7.0,,,
115,울릉도,2012-05-21,17.7,14.1,439,22.3,1230,,,,,,,8.3,70,1854,6.2,70,1849,3.8,3266,70,9.0,40,2314,57.8,11.7,992.9,1019.7,1017,1017.8,345,1018.9,14.4,12.4,,,,,,,,,0.0,0.0,22.9,8.2,19.0,18.8,18.0,18.0,16.8,14.3,11.6,9.7,11.8,5.9,7.0,,,
115,울릉도,2012-05-22,17.7,13.9,456,22.5,1258,,,,,,,7.6,70,132,5.7,70,33,3.7,3171,70,6.0,24,2350,48.4,9.9,989.8,1018.8,24,1013.2,2356,1015.7,14.4,12.6,,,,,,,,,0.0,0.0,24.8,8.9,19.4,19.0,18.3,18.2,17.3,14.5,11.7,9.8,11.8,6.2,7.7,,,
115,울릉도,2012-05-23,17.7,14.8,239,19.9,1559,,,,,,,9.0,250,2236,5.9,270,2250,3.7,3222,230,8.6,24,1,58.6,12.0,985.5,1013.2,1,1009.8,1649,1011.2,14.4,6.0,,,,,,,,,4.1,0.1,20.3,8.0,18.6,18.6,18.2,18.1,17.4,14.7,11.8,9.8,11.8,5.0,7.0,,,
115,울릉도,2012-05-24,19.8,16.7,1947,23.8,1040,0,,0.0,,0.5,0.0,13.0,340,636,7.6,360,701,2.6,2230,250,11.4,32,228,61.0,13.9,984.2,1010.7,720,1008.8,1610,1009.7,14.4,6.2,,,,,,,,,7.8,3.6,22.4,12.2,19.3,19.1,18.3,18.2,17.6,14.8,11.9,9.9,11.8,3.6,4.7,0.0,{비}2215-2245. {박무}1840-1955. {연무}1950-{연무}{강도1}2100-{연무}{강도0}2400-,
115,울릉도,2012-05-25,17.9,16.0,244,21.7,1603,,,,,,,11.7,230,2221,6.9,250,2228,2.6,2241,230,14.3,48,1435,80.5,16.4,983.1,1009.7,632,1007.3,1726,1008.7,14.5,6.8,,,,,,,,,6.4,5.5,25.3,13.5,20.1,19.6,18.8,18.7,17.8,15.0,12.0,9.9,11.8,4.4,5.6,,-{연무}-0150. {박무}0140-{박무}{강도0}0300-0330. {연무}0840-{연무}{강도0}0900-1030. {박무}1025-{박무}{강도0}1200-1240. {박무}1715-{시정(미만)}{1km}{안개}1730-{시정(미만)}{0.5km}{안개}1732-{안개}{강도1}1800-{시정(이상)}{0.5km}{안개}1820-{시정(이상)}{1km}{박무}1830-{박무}{강도0}2100-{박무}{강도0}2400-,1.0
115,울릉도,2012-05-26,19.6,15.9,237,23.2,1654,,,,,,,12.3,340,441,7.9,250,31,3.0,2570,250,11.5,34,1757,62.1,14.0,983.7,1010.3,1126,1007.8,429,1009.2,14.5,12.1,,,,,,,,,3.3,1.5,27.0,11.7,20.7,20.3,19.3,19.2,18.4,15.2,12.1,10.0,11.8,4.8,6.0,,-{박무}-0020. {박무}0520-{시정(미만)}{1km}{안개}0545-{안개}{강도0}0600-{시정(이상)}{1km}{박무}0610-0720.,0.42
115,울릉도,2012-05-27,19.8,15.7,2338,25.1,1224,1,1631,2.0,1620,0.83,2.0,14.0,320,1645,8.0,320,1650,3.2,2770,250,8.6,34,518,50.5,11.3,985.0,1013.5,2205,1008.8,123,1010.6,14.5,9.2,,,,,,,,,3.9,1.0,25.1,11.3,20.6,20.3,19.6,19.5,18.9,15.4,12.2,10.0,11.8,3.0,4.0,2.0,{소나기}1620-1710. {천둥}{강도0}(NW)1606-{천둥}{강도1}(W)1620-{뇌전}{강도0}(W 6~7)1623-{뇌전}{강도0}(W{이동}SW 2~3)1630-{뇌전}{강도0}(SW{이동}S 5~6)1635-{천둥}{강도0}(SE)1658-1710.,
115,울릉도,2012-05-28,15.0,12.2,2055,18.5,957,,,,,,,20.4,70,159,13.7,70,201,4.7,4081,70,11.2,57,432,78.8,13.3,992.0,1020.7,2202,1013.4,1,1018.3,14.5,10.9,,,,,,,,,3.4,3.0,23.0,11.3,19.9,19.7,19.2,19.3,18.3,15.5,12.3,10.0,11.8,4.3,5.5,0.2,{번개}(N)0131-0155.,
115,울릉도,2012-05-29,14.7,12.8,1,18.3,1447,1,1013,2.3,947,1.55,2.5,8.0,70,1047,5.2,70,1038,2.2,1880,70,12.4,69,1322,86.6,14.4,994.3,1022.1,2147,1019.5,1128,1020.6,14.5,3.6,,,,,,,,,7.5,6.5,21.1,12.7,19.4,19.3,19.0,19.0,17.9,15.6,12.4,10.0,11.7,2.3,3.1,2.3,{안개비}0355-0420. {비}0947-1055.,
115,울릉도,2012-05-30,15.3,13.9,153,17.7,1451,,,,,,,5.6,90,1456,3.4,70,154,1.6,1348,70,12.3,71,1453,82.6,14.3,995.1,1022.5,2059,1020.2,228,1021.4,14.5,0.4,,,,,,,,,10.0,6.3,21.6,13.2,18.7,18.8,18.7,18.6,17.9,15.8,12.6,10.1,11.8,1.9,2.6,,,
115,울릉도,2012-05-31,15.5,13.4,437,19.3,1347,0,2317,0.5,2315,0.75,0.5,5.9,90,1511,4.3,50,2349,2.2,1904,90,12.5,69,1337,82.9,14.6,992.9,1020.8,604,1017.1,1535,1019.1,14.6,5.5,,,,,,,,,6.9,6.3,24.0,11.5,19.1,18.9,18.5,18.5,17.6,15.8,12.7,10.2,11.8,2.4,3.3,0.5,{천둥}{강도0}(NW)2310. {소나기}2315-{소나기}{강도0}2400-,
115,울릉도,2012-06-01,15.5,13.4,22,19.4,1301,0,,0.0,,0.5,0.0,6.7,70,1647,4.7,70,1650,2.1,1836,70,13.1,66,1315,85.8,15.1,991.6,1018.7,624,1016.0,307,1017.7,14.6,4.6,,,,,,,,,5.9,4.8,19.6,10.2,19.6,19.4,18.8,18.8,17.9,15.8,12.8,10.2,11.8,2.2,3.2,,-{소나기}-0030.,
115,울릉도,2012-06-02,15.3,13.5,2349,18.8,1344,,,,,,,7.0,70,1127,4.9,70,1126,2.8,2426,70,12.7,70,1802,85.0,14.7,990.3,1018.4,743,1014.8,1649,1016.5,14.6,1.2,,,,,,,,,8.6,3.0,20.0,10.5,19.0,19.0,18.7,18.7,17.9,15.9,12.9,10.2,11.7,2.7,3.4,,,
115,울릉도,2012-06-03,16.2,13.3,114,20.1,1343,,,,,,,4.8,70,521,3.7,70,525,1.9,1618,70,13.6,70,1355,85.4,15.6,988.1,1015.2,734,1012.2,1705,1014.1,14.6,9.7,,,,,,,,,3.6,1.6,25.5,9.4,19.7,19.3,18.7,18.6,17.7,16.0,13.0,10.3,11.8,4.8,6.0,,,
115,울릉도,2012-06-04,18.1,14.5,246,21.8,1401,,,,,,,10.2,250,2346,6.2,250,2257,4.4,3798,230,15.3,75,1329,84.5,17.5,986.3,1014.0,1,1010.0,1837,1012.0,14.6,10.1,,,,,,,,,3.6,0.6,27.0,12.0,20.6,20.3,19.4,19.4,18.5,16.0,13.1,10.4,11.8,4.3,5.8,,,
115,울릉도,2012-06-05,21.0,17.7,13,25.4,1338,,,,,,,15.0,230,325,8.8,250,331,4.6,3973,250,16.1,54,1322,73.9,18.3,980.7,1010.5,1,1002.6,2357,1006.0,14.6,8.2,,,,,,,,,2.8,1.3,29.9,16.2,21.9,21.3,20.2,20.2,19.2,16.2,13.1,10.4,11.7,6.2,7.5,,,
115,울릉도,2012-06-06,21.0,16.7,2357,24.5,1421,,,,,,,16.2,360,454,10.3,20,455,4.8,4171,20,11.8,39,1248,57.3,13.9,978.0,1006.3,2244,1000.9,305,1003.3,14.7,12.4,,,,,,,,,3.4,0.4,30.3,13.2,22.7,22.0,20.9,20.8,20.0,16.4,13.2,10.4,11.7,4.8,6.3,,,
115,울릉도,2012-06-07,20.1,16.6,13,24.0,1436,,,,,,,9.5,270,2354,5.9,250,2357,4.1,3542,230,14.6,54,218,71.6,16.9,980.5,1006.8,2115,1005.2,1429,1005.9,14.7,8.5,,,,,,,,,7.0,1.4,27.0,12.4,22.5,22.2,21.3,21.2,20.2,16.6,13.3,10.5,11.7,4.0,5.5,,{박무}2310-{박무}{강도0}2400-,
115,울릉도,2012-06-08,19.6,16.5,2359,23.3,1117,0,1911,0.3,1903,3.42,0.5,11.5,250,1158,6.9,250,1225,4.1,3548,250,15.7,57,1210,79.4,17.9,977.5,1006.0,1,1001.1,1912,1002.8,14.7,3.4,,,,,,,,,9.0,3.6,24.0,16.2,22.1,22.1,21.4,21.4,20.6,16.9,13.4,10.5,11.7,1.8,3.6,0.5,-{박무}-0240. {박무}1805-{시정(미만)}{1km}{안개}1810-{시정(이상)}{1km}{박무}1850-{박무}{강도0}2100-2330. {비}1855-2045. {비}2225-{비}{강도0}2400-,0.67
115,울릉도,2012-06-09,19.2,16.5,2,22.3,1159,0,,0.0,,0.25,0.0,17.9,50,757,11.4,70,804,5.0,4360,70,15.6,62,544,80.4,17.8,976.5,1003.6,2230,999.8,536,1001.9,14.7,6.1,,,,,,,,,7.5,4.9,28.2,14.0,21.8,21.6,21.0,21.0,20.0,17.1,13.5,10.6,11.8,1.8,2.2,,-{비}-0015.,
115,울릉도,2012-06-10,18.8,16.1,406,23.0,1217,,,,,,,11.4,90,1308,7.7,70,1309,2.2,1918,70,15.4,62,1211,81.4,17.5,978.3,1004.5,2053,1002.9,1313,1003.8,14.7,11.9,,,,,,,,,2.5,1.5,28.6,10.8,22.8,22.3,21.4,21.4,20.2,17.2,13.7,10.6,11.8,3.7,4.8,,,
115,울릉도,2012-06-11,18.3,16.5,13,21.0,1235,,,,,,,4.8,250,1300,2.8,230,1211,1.4,1252,70,16.0,70,1239,86.6,18.2,977.5,1004.5,1,1001.9,1759,1003.0,14.7,0.7,,,,,,,,,9.1,6.5,23.6,17.3,22.5,22.4,21.8,21.8,20.7,17.4,13.8,10.6,11.7,2.0,2.7,,,
115,울릉도,2012-06-12,18.3,16.7,2354,20.1,908,0,2240,0.2,2204,1.33,0.3,11.6,70,1601,7.7,70,1553,4.1,3537,90,16.3,74,1628,88.6,18.5,977.2,1005.2,2241,1001.4,1408,1002.7,14.7,2.2,,,,,,,,,9.1,7.3,24.6,16.8,21.8,21.7,21.4,21.4,20.6,17.5,13.9,10.7,11.7,1.4,2.2,0.3,{비}2240-{비}{강도0}2400-,
115,울릉도,2012-06-13,17.2,15.8,503,21.2,1052,0,2002,0.1,2002,3.48,0.1,11.8,50,201,8.6,50,204,5.0,4350,70,15.1,67,1157,88.1,17.1,983.4,1012.8,2302,1004.8,1,1009.1,14.7,1.9,,,,,,,,,9.4,8.6,20.4,15.4,21.2,21.1,21.0,21.1,19.7,17.5,13.9,10.6,11.6,2.1,3.1,0.1,-{비}-0210. {비}0840-{비}{강도0}0900-0930. {비}2001-2030.,
115,울릉도,2012-06-14,17.6,16.1,728,20.2,1311,0,,0.0,,1.25,0.0,9.7,50,1113,6.9,50,1120,4.4,3830,50,15.8,75,1257,89.5,17.9,989.0,1016.7,2154,1012.4,35,1014.9,14.7,3.7,,,,,,,,,8.3,8.3,24.3,15.9,21.9,21.4,21.0,21.3,19.9,17.8,14.5,11.3,11.7,2.8,3.6,,{안개비}0730-0845.,
115,울릉도,2012-06-15,18.3,17.3,1,19.4,1008,1,2232,3.5,2326,4.17,6.0,6.7,70,1333,4.4,70,1327,1.9,1665,50,17.0,81,209,92.5,19.4,987.1,1016.4,15,1008.5,2359,1012.8,14.7,0.0,,,,,,,,,9.5,8.3,20.2,15.0,21.0,21.1,21.1,21.3,20.5,17.8,14.6,11.4,11.8,1.2,2.0,13.5,{비}1950-{비}{강도0}2100-{비}{강도0}2400- {박무}1930-{박무}{강도0}2100-{박무}{강도2}2400-,
115,울릉도,2012-06-16,17.7,16.4,343,20.0,1231,1,1,2.5,1,11.5,8.5,15.4,50,845,10.7,50,831,5.1,4449,50,16.7,82,1225,93.9,19.0,981.0,1008.9,2339,1005.2,1051,1006.6,14.7,1.8,,,,,,,,,8.1,6.8,19.6,14.9,20.6,20.4,20.4,20.5,19.7,17.8,14.7,11.4,11.8,2.4,3.1,1.0,-{비}-{안개비}0210-{안개비}{강도0}0300-{비}0530-{비}{강도0}0600-{비}{강도0}0900-0945. {안개비}1530-1715. -{박무}-{박무}{강도1}0300-{박무}{강도1}0600-{박무}{강도2}0900-1020.,
115,울릉도,2012-06-17,20.2,16.5,207,23.8,1208,,,,,,,9.5,230,2219,6.8,230,2227,3.2,2804,200,16.6,65,2300,81.0,19.1,984.3,1010.7,2132,1008.5,3,1009.8,14.8,7.6,,,,,,,,,5.8,3.5,24.2,13.3,21.9,21.4,20.8,20.9,19.9,17.9,14.9,11.5,11.8,2.2,2.9,,{박무}1340-{박무}{강도0}1500-{박무}{강도1}1800-2040. {연무}2035-{연무}{강도0}2100-2130.,
115,울릉도,2012-06-18,20.6,18.6,2145,24.5,1400,,,,,,,9.5,230,2134,6.3,200,2029,4.1,3512,200,18.4,57,1342,87.8,21.2,983.0,1009.9,6,1006.5,2357,1008.4,14.8,1.7,,,,,,,,,8.0,1.0,25.1,16.7,22.4,22.1,21.6,21.7,20.8,17.9,14.9,11.6,11.8,1.6,2.0,3.0,{박무}0120-{박무}{강도2}0300-{시정(미만)}{1km}{안개}0315-{시정(미만)}{0.5km}{안개}0330-{시정(미만)}{0.2km}{안개}0440-{시정(이상)}{0.2km}{안개}0520-{시정(이상)}{0.5km}{안개}0530-{시정(이상)}{1km}{박무}0545-{박무}{강도1}0600-0730. {박무}0830-{박무}{강도1}0900-{박무}{강도1}1200-1235. {박무}1455-{박무}{강도0}1500-{박무}{강도0}1800-1830.,2.5
115,울릉도,2012-06-19,17.8,16.5,2247,18.8,2,1,1231,3.5,2057,14.42,14.0,16.4,50,1802,10.3,50,1816,4.9,4245,50,17.3,91,1,97.3,19.8,976.1,1006.5,1,998.2,1802,1001.5,14.8,0.0,,,,,,,,,10.0,7.6,19.0,16.8,20.9,21.2,21.3,21.4,20.7,18.0,15.0,11.6,11.8,0.9,1.8,13.0,{박무}0210-{시정(미만)}{1km}{안개}0225-{시정(미만)}{0.5km}{안개}0240-{안개}{강도1}0300-{시정(미만)}{0.2km}{안개}0315-{시정(미만)}{0.1km}{안개}0420-{안개}{강도2}0600-{시정(이상)}{0.1km}{안개}0740-{안개}{강도2}0900-{시정(이상)}{0.2km}{안개}0945-{시정(이상)}{0.5km}{안개}1030-{시정(이상)}{1km}{박무}1135-{박무}{강도2}1200-{시정(미만)}{1km}{안개}1245-{시정(이상)}{1km}{박무}1445-{박무}{강도2}1500-{박무}{강도2}1800-{박무}{강도1}2100-{시정(미만)}{1km}{안개}2105-{시정(미만)}{0.5km}{안개}2110-{시정(미만)}{0.2km}{안개}2115-{안개}{강도2}2400- {안개비}0430-{안개비}{강도2}0600-{비}0645-{비}{강도0}0900-0940. {안개비}1045-{비}1120-{비}{강도0}1200-1330. {비}1445-{비}{강도0}1500-{안개비}1535-1550. {비}1745-{비}{강도0}1800-1955. {비}2045-{비}{강도0}2100-{비}{강도0}2400-,14.08
115,울릉도,2012-06-20,17.7,16.0,2208,21.5,1514,0,111,1.0,242,7.33,2.5,14.4,90,1123,7.9,50,30,3.6,3101,50,15.9,64,1514,89.5,18.0,979.9,1009.4,2359,1000.6,1,1005.6,14.8,4.8,,,,,,,,,7.5,5.9,21.6,13.7,20.4,20.2,20.2,20.4,19.5,18.0,15.1,11.6,11.8,1.2,2.0,0.5,-{안개}-{안개}{강도2}0300-{시정(이상)}{0.2km}{안개}0345-{시정(이상)}{0.5km}{안개}0347-{시정(이상)}{1km}{박무}0350-{박무}{강도0}0600-0640. -{비}-0225. {비}0240-{비}{강도0}0300-0515. {비}0810-{비}{강도0}0900-1030.,3.83
115,울릉도,2012-06-21,17.9,16.1,1,20.3,1259,,,,,,,6.7,50,2328,4.4,50,2333,2.2,1927,70,16.2,79,938,90.3,18.4,983.6,1010.2,831,1008.2,419,1009.2,14.8,0.3,,,,,,,,,8.1,6.5,20.4,13.8,20.7,20.6,20.4,20.5,19.7,18.0,15.2,11.7,11.8,4.0,4.9,,{박무}0315-{박무}{강도0}0600-0645.,
115,울릉도,2012-06-22,18.1,15.6,413,20.2,1300,,,,,,,6.1,50,118,4.5,50,121,1.8,1591,50,15.9,76,1134,87.5,18.1,985.3,1012.1,2102,1009.0,1,1011.0,14.8,1.8,,,,,,,,,6.6,4.9,22.5,13.2,21.1,20.8,20.6,20.6,20.0,18.0,15.2,11.8,11.8,3.4,4.5,,,
115,울릉도,2012-06-23,19.3,17.5,108,22.0,1349,,,,,,,5.4,180,1408,3.3,200,1555,2.0,1716,200,17.3,79,1230,88.4,19.7,984.7,1011.9,8,1009.1,1638,1010.3,14.8,2.2,,,,,,,,,7.4,6.6,23.2,16.3,21.9,21.5,21.0,21.1,20.2,18.0,15.3,11.8,11.8,3.6,5.0,,{박무}0340-{박무}{강도0}0600-0645.,
115,울릉도,2012-06-24,18.5,17.3,257,20.5,1035,,,,,,,8.5,20,2023,6.2,50,2116,3.3,2818,50,16.5,78,928,88.6,18.8,983.8,1010.8,2339,1008.7,219,1009.4,14.8,0.1,,,,,,,,,8.0,3.3,21.6,15.4,21.9,21.6,21.3,21.4,20.7,18.1,15.4,11.8,11.8,2.5,3.2,,,
115,울릉도,2012-06-25,17.8,15.8,2312,20.3,1151,,,,,,,13.8,70,1639,8.6,70,1739,5.4,4643,70,15.2,74,1153,84.9,17.3,986.4,1014.4,2151,1010.0,239,1012.2,14.7,1.0,,,,,,,,,8.0,8.0,21.1,15.9,21.2,21.1,21.0,21.1,20.4,18.2,15.4,11.9,11.8,2.0,2.6,0.3,,
115,울릉도,2012-06-26,16.4,15.2,308,17.5,1251,0,,0.2,,1.5,0.3,10.8,50,617,7.5,50,528,5.2,4458,50,14.1,79,1257,86.9,16.1,989.3,1016.9,2150,1013.7,6,1015.4,14.7,0.0,,,,,,,,,9.8,8.1,18.2,15.7,19.8,20.0,20.2,20.4,19.8,18.2,15.5,11.9,11.8,2.2,2.9,,{비}0150-{비}{강도0}0300-0320.,
115,울릉도,2012-06-27,17.0,15.7,13,18.9,1138,1,1617,1.5,1544,9.25,4.0,10.0,70,914,6.7,50,915,4.8,4159,50,15.1,77,837,89.3,17.2,989.7,1016.5,1,1015.0,1738,1015.6,14.8,0.0,,,,,,,,,10.0,8.4,18.6,15.7,19.3,19.4,19.5,19.7,19.2,18.2,15.5,12.0,11.8,1.1,1.2,4.5,{비}1445-{비}{강도0}1500-{비}{강도0}1800-{비}{강도0}2100-{안개비}2110-{안개비}{강도1}2400- {박무}1620-{박무}{강도1}1800-{시정(미만)}{1km}{안개}1805-{시정(미만)}{0.5km}{안개}1807-{시정(미만)}{0.2km}{안개}1810-{시정(미만)}{0.1km}{안개}2005-{안개}{강도2}2100-{시정(이상)}{0.1km}{안개}2120-{시정(이상)}{0.2km}{안개}2123-{시정(이상)}{0.5km}{안개}2125-{안개}{강도0}2400-,5.92
115,울릉도,2012-06-28,18.2,16.6,2,21.9,1347,0,420,0.4,420,4.75,0.5,11.4,50,630,8.3,50,634,5.5,4731,50,16.9,80,1310,93.3,19.3,988.2,1015.4,952,1012.7,1641,1014.0,14.7,5.7,,,,,,,,,7.5,4.9,22.2,15.9,20.5,20.0,19.7,19.8,19.0,18.1,15.6,12.0,11.8,3.1,5.2,,-{안개}-{시정(미만)}{0.5km}{안개}0115-{안개}{강도1}0300-{시정(미만)}{0.2km}{안개}0430-{안개}{강도2}0600-{시정(이상)}{0.2km}{안개}0720-{시정(이상)}{0.5km}{안개}0730-{시정(이상)}{1km}{박무}0745-{박무}{강도0}0900-0930. -{안개비}-0235. {안개비}0420-{안개비}{강도2}0600-0630.,7.75
115,울릉도,2012-06-29,20.5,16.9,510,24.0,1253,,,,,,,7.6,200,2354,4.6,230,2355,1.6,1352,50,15.9,47,634,75.6,18.3,986.1,1013.7,1,1009.5,2353,1011.6,14.7,12.7,,,,,,,,,5.1,0.8,28.0,12.2,22.3,21.7,20.8,20.9,20.0,18.1,15.7,12.1,11.9,5.0,7.5,7.0,,
115,울릉도,2012-06-30,20.9,19.5,1,21.7,2353,3,1952,10.0,1021,19.17,45.0,16.5,230,2007,9.6,230,1902,5.4,4649,200,20.4,94,1,97.5,24.0,978.4,1009.9,5,1000.4,1856,1003.7,14.7,0.0,,,,,,,,,10.0,8.3,21.1,19.5,21.7,21.8,21.6,21.6,21.0,18.2,15.7,12.1,11.8,1.2,1.5,41.0,{박무}0015-{박무}{강도2}0300-{박무}{강도2}0600-{시정(미만)}{1km}{안개}0630-{시정(미만)}{0.5km}{안개}0720-{시정(미만)}{0.2km}{안개}0730-{안개}{강도2}0900-{시정(미만)}{0.1km}{안개}1040-{안개}{강도2}1200-{안개}{강도2}1500-{안개}{강도2}1800-{안개}{강도2}2100-{시정(이상)}{0.1km}{안개}2340-{안개}{강도2}2400- {비}0450-{비}{강도0}0600-{비}{강도0}0900-{비}{강도1}1200-{비}{강도0}1500-{비}{강도0}1800-{비}{강도1}2100-{비}{강도0}2400-,17.5
115,울릉도,2012-07-01,21.4,19.6,329,23.0,1503,1,8,2.5,1,2.17,3.0,13.3,270,11,7.8,250,25,3.1,2683,200,18.6,73,1121,84.8,21.4,977.9,1004.4,1048,1000.6,53,1003.1,14.7,5.7,,,,,,,,,6.1,4.4,25.9,19.6,23.0,22.4,21.6,21.5,20.9,18.5,15.9,12.2,11.9,4.6,5.9,,-{안개}-{시정(이상)}{0.2km}{안개}0030-{시정(이상)}{0.5km}{안개}0035-{시정(이상)}{1km}{박무}0040-{시정(미만)}{1km}{안개}0110-{시정(미만)}{0.5km}{안개}0115-{안개}{강도1}0300-{시정(이상)}{0.5km}{안개}0320-{시정(이상)}{1km}{박무}0330-0430. -{비}-0210.,3.0
115,울릉도,2012-07-02,22.7,20.3,2341,26.7,1356,,,,,,,10.2,250,1913,6.4,230,1847,2.9,2503,200,18.7,61,1336,78.9,21.6,976.8,1003.6,1,1000.2,1602,1001.9,14.7,10.3,,,,,,,,,4.5,0.4,27.7,17.6,24.1,23.8,22.6,22.6,21.8,18.6,16.0,12.2,11.9,4.5,6.8,,{박무}1540-{시정(미만)}{1km}{낮은안개}1630-{시정(이상)}{1km}{박무}1720-1730. {박무}2040-{박무}{강도0}2100-{박무}{강도0}2400-,0.83
115,울릉도,2012-07-03,21.8,20.1,519,24.6,1459,,,,,,,5.7,230,2147,4.4,200,2344,2.0,1758,200,20.5,74,1452,93.1,24.2,974.6,1001.3,2241,998.4,1447,999.7,14.7,3.2,,,,,,,,,7.6,6.9,27.8,19.4,24.3,24.1,23.3,23.3,22.4,18.9,16.1,12.3,11.9,4.5,5.5,,-{박무}-{시정(미만)}{1km}{안개}0135-{안개}{강도0}0300-{시정(미만)}{0.5km}{안개}0330-{시정(이상)}{0.5km}{안개}0345-{안개}{강도0}0600-{시정(이상)}{1km}{박무}0620-{박무}{강도2}0900-{시정(미만)}{1km}{안개}1015-{시정(미만)}{0.5km}{안개}1030-{시정(이상)}{0.5km}{안개}1140-{안개}{강도0}1200-{시정(이상)}{1km}{박무}1230-{박무}{강도0}1500-{박무}{강도2}1800-{시정(미만)}{1km}{안개}1925-{시정(이상)}{1km}{박무}2050-{박무}{강도0}2100-{시정(미만)}{1km}{안개}2245-{시정(미만)}{0.5km}{안개}2305-{시정(미만)}{0.2km}{안개}2330-{시정(미만)}{0.1km}{안개}2335-{안개}{강도2}2400-,9.67
115,울릉도,2012-07-04,24.0,20.6,314,27.5,1218,,,,,,,9.1,250,2055,6.8,200,1743,3.3,2847,200,19.8,53,2336,78.9,23.3,977.5,1004.0,2332,1000.5,357,1002.4,14.7,10.6,,,,,,,,,5.0,1.6,28.8,19.7,25.4,25.0,23.8,23.8,22.9,19.1,16.2,12.4,11.9,4.5,5.5,,-{안개}-{안개}{강도2}0300-{시정(이상)}{0.1km}{안개}0320-{시정(이상)}{0.2km}{안개}0323-{시정(이상)}{0.5km}{안개}0325-{시정(이상)}{1km}{박무}0330-0335. {박무}1740-{박무}{강도0}1800-{박무}{강도0}2100-2130.,3.5
115,울릉도,2012-07-05,24.1,21.8,2025,25.8,853,0,,0.0,,0.33,0.0,14.5,250,2400,8.8,250,2337,3.3,2868,230,18.3,52,11,70.9,21.1,980.4,1006.5,1051,1003.7,7,1005.4,14.7,0.4,,,,,,,,,9.5,6.9,27.1,21.3,24.5,24.5,24.0,24.1,23.5,19.4,16.2,12.4,11.9,2.5,3.5,88.5,{박무}0915-{박무}{강도0}1200-{시정(미만)}{1km}{안개}1350-{시정(이상)}{1km}{박무}1435-{박무}{강도0}1500-{시정(미만)}{1km}{안개}1545-{시정(이상)}{1km}{박무}1630-{박무}{강도0}1800-{박무}{강도0}2100-2145. {연무}0540-{연무}{강도0}0600-{연무}{강도0}0900-0920. {비}2340-{비}{강도0}2400-,1.5
115,울릉도,2012-07-06,20.6,19.1,2357,22.9,25,14,636,38.5,611,14.75,90.5,26.7,250,1039,17.5,230,1041,6.6,5725,50,19.2,74,23,92.3,22.2,974.2,1005.1,2,994.2,1101,999.5,14.7,0.0,,,,,,,,,10.0,7.3,21.1,19.5,22.4,22.6,22.8,23.1,21.4,21.0,16.7,12.4,11.9,2.3,2.9,2.0,-{비}-{비}{강도0}0300-{비}{강도1}0600-{비}{강도2}0900-{비}{강도0}1200-1215. {비}1350-{비}{강도0}1500-1620. {폭풍}1033-1105. {뇌전}{강도0}(W 7~8)0620-{뇌전}{강도0}(W{이동}SW 7~8)0630-{뇌전}{강도0}(SW{이동}S 5~6)0640-0650. {뇌전}{강도0}(SE 7~8)0715-0725. {박무}0040-0140. {박무}0250-{박무}{강도0}0300-{박무}{강도2}0600-{시정(미만)}{1km}{안개}0720-{시정(미만)}{0.5km}{안개}0740-{시정(미만)}{0.2km}{안개}0750-{안개}{강도2}0900-{시정(이상)}{0.2km}{안개}1015-{시정(이상)}{0.5km}{안개}1025-{시정(이상)}{1km}{박무}1035-1110. {박무}1740-{박무}{강도0}1800-{박무}{강도0}2100-{박무}{강도0}2400-,3.25
115,울릉도,2012-07-07,18.9,18.0,2323,20.5,1452,0,,0.0,,1.25,0.0,11.3,50,1103,7.7,50,417,5.1,4401,50,16.5,78,1456,86.6,18.8,978.3,1006.0,2333,1000.3,217,1003.7,14.6,0.1,,,,,,,,,9.5,6.4,21.1,18.2,21.6,21.7,21.9,22.0,21.3,20.3,17.3,12.6,11.9,0.8,1.5,0.0,-{박무}-0210. {비}0930-1045.,
115,울릉도,2012-07-08,19.5,17.9,6,22.6,1614,,,,,,,7.5,200,2247,5.0,230,2306,2.4,2040,200,16.3,70,1449,82.1,18.5,981.2,1007.5,2223,1005.6,156,1006.7,14.6,3.3,,,,,,,,,5.1,5.1,23.8,17.2,22.3,22.1,21.7,21.8,21.2,20.1,17.4,12.8,11.9,2.7,3.5,,,
115,울릉도,2012-07-09,20.8,18.2,1,23.9,1400,,,,,,,8.8,230,59,6.2,230,222,3.6,3153,200,18.2,73,1201,86.0,20.9,982.1,1009.2,2122,1006.0,345,1007.5,14.6,8.1,,,,,,,,,5.8,2.1,25.5,16.9,23.3,23.2,22.5,22.5,21.7,20.0,17.4,12.9,11.9,4.0,5.0,,{햇무리}1520-1630.,
115,울릉도,2012-07-10,21.1,18.9,421,23.5,1219,,,,,,,7.6,250,2338,4.0,230,2343,1.8,1598,230,19.4,79,1224,90.4,22.5,981.7,1008.9,3,1004.6,2400,1007.0,14.6,2.4,,,,,,,,,7.8,6.3,25.9,18.2,24.1,23.9,23.2,23.2,22.5,20.1,17.4,12.9,11.9,2.9,3.7,1.5,{박무}2010-{박무}{강도0}2100-2315.,
115,울릉도,2012-07-11,21.9,20.9,1,23.9,2358,1,1505,4.0,1500,15.67,6.5,13.9,250,2234,8.5,250,2248,4.3,3737,200,20.7,78,2400,93.5,24.5,973.3,1004.6,1,994.3,2304,998.4,14.6,0.0,,,,,,,,,9.5,6.9,22.0,20.7,22.9,23.0,23.0,23.1,22.7,20.1,17.4,13.0,11.9,1.3,2.0,5.0,{박무}0630-{박무}{강도0}0900-{박무}{강도0}1200-{시정(미만)}{1km}{안개}1235-{시정(미만)}{0.5km}{안개}1245-{시정(미만)}{0.2km}{안개}1255-{안개}{강도2}1500-{안개}{강도2}1800-{시정(이상)}{0.2km}{안개}2010-{시정(이상)}{0.5km}{안개}2020-{시정(이상)}{1km}{박무}2050-{박무}{강도2}2100-2140. {비}0245-{비}{강도0}0300-{비}{강도0}0600-{비}{강도0}0900-{비}{강도0}1200-{비}{강도0}1500-1740. {비}2005-2050.,8.25
115,울릉도,2012-07-12,23.2,20.1,2349,24.8,1103,,,,,,,8.1,70,2400,5.8,50,2217,2.1,1838,50,20.8,69,109,87.0,24.6,974.2,1003.2,2301,994.9,34,999.1,14.6,8.5,,,,,,,,,5.5,3.3,27.7,19.6,24.3,23.8,22.9,23.0,22.4,20.2,17.5,13.1,12.0,4.3,5.5,21.0,{박무}2250-{시정(미만)}{1km}{안개}2310-{시정(미만)}{0.5km}{안개}2340-{안개}{강도1}2400-,0.83
115,울릉도,2012-07-13,21.1,19.6,224,23.1,1647,14,814,21.0,750,2.0,21.5,8.6,230,2015,6.1,50,2,2.7,2323,50,20.6,94,2254,97.6,24.3,976.9,1003.8,815,1000.7,1646,1002.2,14.5,0.0,,,,,,,,,9.8,8.1,22.1,19.6,23.3,23.4,23.2,23.4,23.0,21.2,17.5,13.1,12.0,0.9,1.2,0.5,-{안개}-{시정(이상)}{0.5km}{안개}0050-{시정(이상)}{1km}{박무}0105-{시정(미만)}{1km}{안개}0230-{안개}{강도0}0300-{시정(미만)}{0.5km}{안개}0345-{시정(미만)}{0.2km}{안개}0535-{안개}{강도2}0600-{시정(미만)}{0.1km}{안개}0615-{안개}{강도2}0900-{시정(이상)}{0.1km}{안개}0910-{시정(이상)}{0.2km}{안개}1055-{시정(이상)}{0.5km}{안개}1020-{안개}{강도0}1200-{시정(미만)}{0.5km}{안개}1420-{시정(미만)}{0.2km}{안개}1430-{안개}{강도2}1500-{안개}{강도2}1800-{시정(이상)}{0.2km}{안개}1845-{시정(이상)}{0.5km}{안개}1915-{시정(이상)}{1km}{박무}1925-{박무}{강도0}2100-{박무}{강도2}2400- {소나기}0750-{소나기}{강도0}0900-0950. {뇌전}{강도0}(W 4~5)0755-{뇌전}{강도0}(W{이동}NW 2~3)0810-{뇌전}{강도0}(NW{이동}N 3~4)0820-{뇌전}{강도0}(N{이동}NE 6~7)0830-0840.,18.0
115,울릉도,2012-07-14,21.9,21.2,452,23.9,1250,0,2335,0.1,2250,1.17,0.1,4.9,70,554,3.7,50,603,1.3,1138,200,21.3,89,1301,96.5,25.3,978.0,1005.2,2138,1001.4,326,1003.2,14.5,0.0,,,,,,,,,10.0,9.3,23.4,21.2,23.4,23.3,22.9,23.0,22.6,20.5,17.7,13.1,12.0,17.2,21.5,45.1,-{박무}-{시정(미만)}{1km}{안개}0015-{시정(미만)}{0.5km}{안개}0020-{시정(미만)}{0.2km}{안개}0045-{시정(이상)}{0.2km}{안개}0130-{시정(이상)}{0.5km}{안개}0145-{안개}{강도0}0300-{시정(이상)}{1km}{박무}0430-{시정(미만)}{1km}{안개}0515-{시정(미만)}{0.5km}{안개}0520-{시정(미만)}{0.2km}{안개}0545-{안개}{강도2}0600-{시정(미만)}{0.1km}{안개}0750-{시정(이상)}{0.1km}{안개}0820-{안개}{강도2}0900-{시정(미만)}{0.1km}{안개}1140-{안개}{강도2}1200-{시정(이상)}{0.1km}{안개}1215-{시정(이상)}{0.2km}{안개}1220-{안개}{강도1}1500-{시정(이상)}{0.5km}{안개}1630-{시정(이상)}{1km}{박무}1655-{박무}{강도1}1800-{시정(미만)}{1km}{안개}1905-{시정(미만)}{0.5km}{안개}1910-{안개}{강도1}2100-{시정(이상)}{0.5km}{안개}2315-{시정(이상)}{1km}{박무}2325-{박무}{강도0}2400- {안개비}2250-{비}2330-{비}{강도0}2400-,20.25
115,울릉도,2012-07-15,21.6,20.8,618,22.7,1640,6,515,17.0,429,18.25,56.5,15.2,250,1641,8.6,230,1621,3.7,3187,230,20.7,83,2142,95.3,24.5,978.0,1005.3,2323,1000.8,1319,1003.1,14.5,0.0,,,,,,,,,10.0,7.9,22.1,20.8,22.8,22.9,22.8,22.9,22.6,21.5,17.8,13.2,12.0,1.3,2.0,13.0,-{비}-{비}{강도0}0300-{비}{강도1}0600-{비}{강도1}0900-{비}{강도0}1200-1450. {비}1650-{비}{강도0}1800-1835. {비}2220-{비}{강도0}2400- -{박무}-{박무}{강도2}0300-{시정(미만)}{1km}{안개}0445-{안개}{강도0}0600-{안개}{강도0}0900-{시정(미만)}{0.5km}{안개}0920-{시정(미만)}{0.2km}{안개}0925-{시정(미만)}{0.1km}{안개}0950-{안개}{강도2}1200-{시정(이상)}{0.1km}{안개}1210-{시정(이상)}{0.2km}{안개}1225-{시정(이상)}{0.5km}{안개}1240-{시정(이상)}{1km}{박무}1245-1250. {박무}2225-{시정(미만)}{1km}{안개}2310-{시정(미만)}{0.5km}{안개}2315-{시정(미만)}{0.2km}{안개}2330-{안개}{강도2}2400-,8.83
115,울릉도,2012-07-16,20.6,19.5,2023,22.0,1329,0,9,1.0,128,2.83,1.5,4.9,70,140,3.6,50,143,1.2,1063,180,20.1,89,1339,97.0,23.5,984.5,1014.1,2230,1004.8,19,1010.0,14.5,0.2,,,,,,,,,10.0,8.5,24.0,19.5,23.1,23.0,22.7,22.7,22.4,20.9,18.3,13.3,12.0,1.2,1.5,,-{안개}-{시정(미만)}{0.1km}{안개}0215-{안개}{강도2}0300-{안개}{강도2}0600-{시정(이상)}{0.1km}{안개}0650-{시정(이상)}{0.2km}{안개}0720-{시정(이상)}{0.5km}{안개}0725-{시정(이상)}{1km}{박무}0745-{박무}{강도0}0900-0930. {박무}1120-{박무}{강도1}1200-1220. {박무}1620-{박무}{강도0}1800-{박무}{강도0}2100-{박무}{강도0}2400- -{비}-0250.,7.75
115,울릉도,2012-07-17,20.8,19.2,241,23.4,1217,,,,,,,7.1,70,1507,5.2,70,1510,1.9,1652,70,19.9,83,1212,94.9,23.3,989.0,1015.7,2136,1013.0,202,1014.6,14.5,0.5,,,,,,,,,9.9,7.1,24.3,20.9,23.7,23.5,22.9,22.9,22.5,20.9,18.3,13.5,12.0,0.7,1.0,,-{박무}-{박무}{강도1}0300-{시정(미만)}{1km}{낮은안개}0345-{낮은안개}{강도0}0600-{낮은안개}{강도0}0900-{시정(이상)}{1km}{박무}1115-1140. {박무}1240-{박무}{강도0}1500-1720. {박무}1930-{시정(미만)}{1km}{안개}2015-{안개}{강도0}2100-{시정(미만)}{0.5km}{안개}2210-{안개}{강도1}2400-,11.25
115,울릉도,2012-07-18,22.2,20.1,11,25.5,1343,,,,,,,7.6,70,1004,5.8,50,716,3.5,2996,50,21.1,81,1401,93.5,25.0,987.6,1015.2,52,1011.2,1629,1012.9,14.5,5.7,,,,,,,,,8.3,5.5,27.7,20.1,25.1,24.6,23.6,23.6,23.0,20.9,18.4,13.5,12.0,6.0,9.7,8.5,-{안개}-{시정(미만)}{0.2km}{안개}0230-{안개}{강도2}0300-{안개}{강도2}0600-{안개}{강도2}0900-{시정(이상)}{0.2km}{안개}1015-{시정(이상)}{0.5km}{안개}1020-{시정(이상)}{1km}{박무}1025-{박무}{강도0}1200-1430. {박무}1640-{박무}{강도1}1800-{박무}{강도0}2100-2340.,10.42
115,울릉도,2012-07-19,23.3,22.1,23,24.9,1231,3,329,8.0,315,2.42,8.5,15.6,230,1601,9.3,230,1603,4.6,3987,230,22.5,85,2108,95.5,27.3,982.5,1011.5,14,1004.9,1550,1007.6,14.4,0.0,,,,,,,,,9.3,7.6,24.7,22.6,24.7,24.6,24.2,24.2,23.9,21.0,18.4,13.6,12.0,1.7,2.5,,{비}0125-0140. {비}0305-0430. {안개비}0545-{비}0555-{비}{강도0}0600-0630. {천둥}{강도0}(S)0302-{뇌전}{강도0}(S{이동}SE 7~8)0330-0340. {박무}0240-{박무}{강도1}0300-{시정(미만)}{1km}{안개}0440-{시정(미만)}{0.5km}{안개}0450-{안개}{강도1}0600-{시정(이상)}{0.5km}{안개}0605-{시정(이상)}{1km}{박무}0610-0625. {박무}0940-{시정(미만)}{1km}{안개}0955-{시정(이상)}{1km}{박무}1040-{박무}{강도0}1200-{박무}{강도0}1500-{시정(미만)}{1km}{안개}1520-{안개}{강도0}1800-{시정(이상)}{1km}{박무}1930-1945. {박무}2215-{박무}{강도1}2400-,6.42
115,울릉도,2012-07-20,25.3,22.9,1,28.5,1135,,,,,,,11.0,250,226,6.7,230,227,2.6,2212,230,20.4,59,1218,75.0,24.0,983.2,1010.3,2313,1006.1,154,1008.1,14.4,12.7,,,,,,,,,1.9,1.3,30.7,21.4,25.9,25.5,24.3,24.3,23.6,21.1,18.4,13.6,12.1,5.1,6.5,,-{박무}-{박무}{강도0}0300-0335.,
115,울릉도,2012-07-21,22.1,20.1,2400,25.8,1258,,,,,,,7.5,50,1134,5.2,50,859,2.7,2374,50,19.8,70,1328,87.8,23.1,986.4,1012.9,2322,1010.0,159,1011.8,14.4,8.1,,,,,,,,,5.5,3.8,27.2,20.6,26.6,26.3,25.3,25.3,24.5,21.2,18.4,13.7,12.1,4.0,5.0,,,
115,울릉도,2012-07-22,22.1,19.7,409,25.1,1519,0,,0.0,,0.33,0.0,5.7,70,327,3.7,70,317,1.8,1583,50,20.7,74,1523,92.1,24.4,986.3,1012.9,19,1010.3,1650,1011.6,14.4,1.6,,,,,,,,,9.1,7.5,27.2,19.7,25.8,25.7,25.2,25.2,24.5,21.4,18.5,13.7,12.1,1.4,1.8,0.0,{비}1750-{비}{강도0}1800-1810. {박무}2315-{시정(미만)}{1km}{안개}2325-{안개}{강도0}2400-,0.58
115,울릉도,2012-07-23,25.1,22.4,1,28.9,1610,,,,,,,11.4,250,2125,7.3,230,1332,4.9,4235,230,22.2,66,1603,85.1,26.8,984.9,1011.4,2236,1008.5,1655,1010.0,14.3,7.1,,,,,,,,,7.4,4.3,29.6,23.6,26.4,26.2,25.3,25.4,24.5,21.6,18.5,13.8,12.1,4.5,7.0,,-{안개}-{시정(이상)}{1km}{박무}0040-{시정(미만)}{1km}{안개}0240-{안개}{강도0}0300-{시정(미만)}{0.5km}{안개}0330-{안개}{강도1}0600-{시정(이상)}{0.5km}{안개}0635-{시정(이상)}{1km}{박무}0640-{박무}{강도0}0900-0930.,4.67
115,울릉도,2012-07-24,27.7,25.4,2103,30.5,1514,,,,,,,12.3,250,804,7.9,250,201,3.8,3300,230,21.3,56,1441,68.6,25.4,987.4,1013.4,2117,1010.3,228,1012.3,14.3,4.5,,,,,,,,,6.1,3.1,33.0,22.7,27.1,26.8,25.9,25.9,25.1,21.6,18.6,13.8,12.1,5.8,7.5,,,
115,울릉도,2012-07-25,27.4,25.4,2102,30.5,1247,,,,,,,9.1,270,309,6.2,230,39,2.5,2140,200,21.8,59,704,71.6,26.2,987.4,1013.6,711,1011.1,1722,1012.3,14.3,11.6,,,,,,,,,4.0,0.0,36.0,22.3,28.1,27.6,26.4,26.5,25.6,21.8,18.6,13.8,12.1,3.2,7.8,,,
115,울릉도,2012-07-26,27.2,24.5,343,30.3,1039,,,,,,,9.8,250,2242,6.4,250,2308,2.9,2542,200,22.1,58,947,74.5,26.7,984.0,1011.2,1,1007.0,2319,1008.8,14.2,11.2,,,,,,,,,4.9,0.3,35.4,22.6,28.6,28.1,27.1,27.1,26.2,22.1,18.7,13.9,12.1,4.7,6.5,,{박무}0315-0545.,
115,울릉도,2012-07-27,28.3,25.9,2143,31.4,1027,,,,,,,14.2,200,1538,7.3,230,1607,3.5,3054,230,20.4,49,1038,63.1,24.1,982.8,1008.9,733,1006.4,1644,1007.6,14.2,11.8,,,,,,,,,2.8,0.5,36.4,22.1,28.9,28.4,27.3,27.4,26.6,22.3,18.7,13.9,12.1,6.8,8.5,,,
115,울릉도,2012-07-28,27.7,25.0,2108,30.9,1053,,,,,,,6.1,200,2306,4.7,200,2347,1.5,1267,200,19.6,52,1027,61.8,22.9,984.0,1009.5,1108,1007.8,1,1008.8,14.2,12.0,,,,,,,,,4.5,0.0,36.3,20.8,29.0,28.5,27.5,27.6,26.8,22.5,18.8,14.0,12.2,5.4,6.8,,,
115,울릉도,2012-07-29,26.9,24.5,441,30.7,1552,,,,,,,10.2,200,2340,6.3,200,2246,3.9,3351,230,22.6,55,1542,78.5,27.6,981.7,1008.4,1,1004.8,2349,1006.5,14.2,8.2,,,,,,,,,3.1,2.8,34.9,21.7,29.2,28.7,27.8,27.8,26.8,22.7,18.9,14.0,12.2,11.1,15.9,,{박무}0420-{시정(미만)}{1km}{안개}0445-{안개}{강도0}0600-{안개}{강도0}0900-{시정(이상)}{1km}{박무}0910-{박무}{강도0}1200-1210.,4.42
115,울릉도,2012-07-30,27.6,25.3,344,30.4,1246,,,,,,,12.4,180,1112,7.1,230,1153,4.8,4160,230,23.2,62,1248,77.6,28.5,980.8,1007.2,2331,1003.7,1453,1005.5,14.1,10.6,,,,,,,,,4.0,1.4,35.2,23.5,29.4,29.0,28.1,28.1,27.3,22.9,19.0,14.1,12.2,9.1,13.0,,{박무}1445-{박무}{강도0}1500-1550.,
115,울릉도,2012-07-31,27.2,25.2,446,29.5,1455,,,,,,,9.2,200,154,5.7,230,154,2.4,2077,180,23.3,64,2349,79.8,28.7,982.9,1009.7,2059,1006.4,221,1007.7,14.1,10.7,,,,,,,,,3.6,0.8,37.4,21.9,29.6,29.2,28.2,28.3,27.4,23.1,19.2,14.1,12.2,6.6,8.0,,,
115,울릉도,2012-08-01,26.5,24.3,545,30.3,1122,,,,,,,10.0,50,1807,7.0,50,1818,3.7,3226,50,23.6,64,1,84.5,29.1,984.8,1011.2,2323,1008.9,136,1009.8,14.1,11.6,,,,,,,,,4.8,2.3,35.2,20.4,29.9,29.5,28.5,28.6,27.5,23.3,19.3,14.1,12.2,6.8,8.5,,{박무}0930-1030.,
115,울릉도,2012-08-02,26.7,24.8,2358,29.6,949,,,,,,,6.9,20,17,4.5,50,8,2.1,1788,50,24.4,77,953,87.6,30.6,986.9,1013.7,2115,1010.4,250,1011.9,14.1,7.3,,,,,,,,,3.6,3.1,34.9,22.2,30.1,29.7,28.9,28.9,27.9,23.5,19.4,14.2,12.3,6.0,7.5,,,
115,울릉도,2012-08-03,26.5,24.5,515,29.9,1343,,,,,,,6.3,70,2242,4.4,50,2212,2.5,2178,50,24.5,71,217,89.4,30.7,988.5,1014.2,2102,1012.4,1529,1013.5,14.0,4.4,,,,,,,,,4.0,4.0,34.5,21.2,29.6,29.2,28.6,28.7,27.7,23.7,19.5,14.2,12.3,6.3,7.9,,{박무}2010-{박무}{강도0}2100-{박무}{강도0}2400-,
115,울릉도,2012-08-04,25.8,24.3,431,28.3,1140,,,,,,,7.6,20,930,4.7,50,1009,2.7,2357,50,23.7,79,555,88.6,29.4,987.1,1013.7,1,1011.2,1642,1012.2,14.0,3.1,,,,,,,,,4.4,4.4,32.2,22.2,29.3,29.1,28.6,28.7,27.9,23.9,19.6,14.3,12.3,6.2,7.2,,-{박무}-0050. {박무}1340-{박무}{강도0}1500-1520. {박무}2230-{박무}{강도0}2400-,
115,울릉도,2012-08-05,26.3,24.0,2054,30.1,1055,,,,,,,8.6,70,1159,5.8,50,1349,3.2,2806,50,22.9,66,226,81.9,27.9,983.7,1011.3,1,1006.9,1709,1008.6,13.9,12.4,,,,,,,,,1.5,1.3,36.4,20.2,29.9,29.4,28.5,28.6,27.5,24.0,19.8,14.3,12.3,5.9,7.1,,-{박무}-0130.,
115,울릉도,2012-08-06,25.9,23.3,2358,30.1,1324,0,,0.0,,0.1,0.0,11.1,70,827,7.8,50,838,5.0,4283,50,22.4,67,915,82.0,27.2,982.6,1008.7,2111,1006.8,320,1007.5,13.9,10.0,,,,,,,,,4.5,3.5,35.5,20.2,30.2,29.8,29.0,29.1,27.8,24.1,19.9,14.3,12.3,5.9,8.0,0.0,{소나기}1733-1739.,
115,울릉도,2012-08-07,24.6,22.8,2332,27.8,1011,,,,,,,9.5,50,559,7.2,50,7,4.4,3812,50,20.9,68,949,80.1,24.7,984.7,1010.8,2056,1008.5,123,1009.8,13.9,6.4,,,,,,,,,4.4,4.3,33.8,20.4,29.6,29.4,28.9,29.1,27.9,24.2,20.0,14.4,12.3,6.4,5.0,,,
115,울릉도,2012-08-08,24.5,21.9,2355,27.4,1340,,,,,,,6.7,50,213,4.5,50,33,2.6,2217,70,20.1,64,1442,77.0,23.5,984.0,1010.2,1,1007.7,1744,1009.1,13.9,7.6,,,,,,,,,4.0,3.8,33.6,17.0,29.2,28.9,28.5,28.8,27.6,24.3,20.1,14.4,12.3,4.4,5.5,,,
115,울릉도,2012-08-09,24.6,21.6,353,28.5,1343,,,,,,,4.8,140,2216,2.7,200,928,1.6,1407,180,19.8,61,1340,75.1,23.1,982.1,1008.1,1,1006.3,1742,1007.1,13.8,8.2,,,,,,,,,4.4,3.0,35.2,16.6,29.1,28.8,28.4,28.6,27.2,24.3,20.2,14.5,12.4,5.3,6.7,,,
115,울릉도,2012-08-10,24.6,22.7,2339,27.8,1228,0,2122,1.0,2100,3.5,1.0,4.5,250,2057,3.4,230,2205,1.8,1514,200,21.4,65,1135,82.9,25.5,982.3,1008.4,2325,1006.3,610,1007.3,13.8,3.1,,,,,,,,,8.1,5.9,30.6,23.2,29.0,28.8,28.6,28.7,27.6,24.4,20.3,14.5,12.4,2.0,2.5,1.0,{비}1915-{비}{강도0}2100-2245. {박무}2320-{박무}{강도0}2400-,
115,울릉도,2012-08-11,25.1,22.4,505,29.4,1402,,,,,,,6.2,200,417,3.8,230,44,2.3,2022,200,22.5,67,1308,86.3,27.3,982.8,1008.5,707,1006.7,1652,1007.8,13.8,3.4,,,,,,,,,7.8,5.6,31.2,22.7,28.6,28.5,28.2,28.3,27.1,24.4,20.4,14.6,12.4,4.0,5.1,,-{박무}-0150. {박무}0330-0530.,
115,울릉도,2012-08-12,25.4,23.8,1933,29.0,1105,0,1531,1.0,1511,3.0,1.0,6.7,250,1753,4.6,230,1754,2.4,2059,200,23.2,78,1101,88.0,28.5,979.8,1007.6,1,1003.2,1743,1004.7,13.7,2.5,,,,,,,,,9.1,5.9,29.7,22.4,28.0,28.0,28.0,28.1,27.4,24.4,20.5,14.6,12.4,2.2,3.0,83.5,{박무}1320-{박무}{강도0}1500-1730. {비}1510-1740. {비}1835-1905.,
115,울릉도,2012-08-13,22.1,21.2,2330,24.1,1,9,732,30.5,722,13.0,94.5,13.3,50,1001,9.5,50,1004,4.7,4048,50,21.2,83,2238,95.0,25.1,978.8,1008.7,2358,1000.4,934,1004.0,13.7,0.0,,,,,,,,,9.1,6.8,23.2,19.8,25.7,26.1,26.6,27.0,25.4,24.7,20.5,14.7,12.4,2.6,3.5,12.0,{비}0150-{비}{강도1}0300-{시정(미만)}{1km}{비}0350-{시정(미만)}{0.5km}{비}0405-{시정(미만)}{0.2km}{비}0540-{비}{강도0}0600-{시정(미만)}{0.1km}{비}0630-{비}{강도2}0900-{시정(이상)}{0.1km}{비}0925-{시정(이상)}{0.2km}{비}0930-{시정(이상)}{0.5km}{비}0940-{시정(이상)}{1km}{비}0955-1120. {비}1230-1245. {비}1315-{비}{강도0}1500-1630. {천둥}{강도0}(SW)0825-{뇌전}{강도0}(SW{이동}S 5~6)0840-{뇌전}{강도0}(S{이동}SE 7~8)0845-{뇌전}{강도0}(SE 7~8)0900-0920. {박무}1320-1440.,
115,울릉도,2012-08-14,24.1,20.4,424,27.7,1318,,,,,,,9.9,50,514,6.5,50,607,3.1,2681,50,20.6,66,1404,81.5,24.3,985.6,1012.1,1011,1008.4,240,1010.8,13.6,8.3,,,,,,,,,4.6,4.4,27.2,18.0,26.0,25.9,25.9,26.1,24.7,24.4,21.0,14.8,12.5,,,0.1,,
115,울릉도,2012-08-15,25.2,24.2,1,25.7,1224,1,1709,1.3,1705,9.58,2.0,19.2,250,2318,11.8,230,2122,7.3,6342,200,24.5,90,1,96.3,30.7,980.9,1010.6,1,1004.0,1517,1006.0,13.6,0.0,,,,,,,,,10.0,7.4,26.0,24.7,26.1,26.3,26.3,26.4,25.9,24.2,21.0,14.8,12.5,3.4,4.2,2.9,{비}0315-0415. {비}0715-{비}{강도0}0900-0940. {비}0955-1025. {비}1040-{비}{강도0}1200-1215. {비}1705-1750. {비}2040-{비}{강도0}2100-{비}{강도0}2400- {박무}0130-{박무}{강도2}0300-{박무}{강도0}0600-{박무}{강도1}0900-{박무}{강도1}1200-{박무}{강도0}1500-1640. {박무}1730-{박무}{강도0}1800-{박무}{강도0}2100-2320.,
115,울릉도,2012-08-16,23.2,21.2,2354,25.9,754,0,12,1.0,955,8.08,3.0,17.3,230,10,10.8,230,11,5.1,4382,50,21.7,76,314,92.1,26.0,986.2,1014.1,2349,1006.3,57,1011.4,13.6,0.8,,,,,,,,,10.0,7.9,26.1,22.5,25.6,25.7,25.8,25.9,25.5,24.1,21.0,14.9,12.5,2.2,3.0,2.5,-{비}-0120. {비}0250-{비}{강도0}0300-0330. {비}0430-{비}{강도0}0600-0630. {비}0930-0935. {비}0955-1105. {비}1120-1130. {비}1220-1310. {비}1810-1930. {안개비}2310-2340. {박무}0850-{박무}{강도0}0900-{시정(미만)}{1km}{안개}1115-{안개}{강도0}1200-{시정(이상)}{1km}{박무}1340-1345. {박무}1805-{시정(미만)}{1km}{안개}1820-{시정(미만)}{0.5km}{안개}1830-{시정(미만)}{0.2km}{안개}1835-{시정(이상)}{0.2km}{안개}1940-{안개}{강도1}2100-{안개}{강도1}2400-,8.08
115,울릉도,2012-08-17,24.0,20.9,253,27.4,1524,0,,0.4,140,2.5,0.5,7.9,50,231,5.5,50,2,2.7,2297,50,22.7,77,1418,92.6,27.6,988.3,1015.0,757,1012.5,1745,1013.6,13.5,6.2,,,,,,,,,6.6,6.3,28.9,21.8,26.4,26.2,25.8,25.9,25.0,24.0,21.1,15.0,12.5,3.1,3.9,,-{안개}-{시정(이상)}{0.5km}{안개}0020-{시정(미만)}{0.5km}{안개}0110-{시정(미만)}{0.2km}{안개}0115-{안개}{강도2}0300-{시정(이상)}{0.2km}{안개}0430-{시정(이상)}{0.5km}{안개}0435-{시정(이상)}{1km}{박무}0440-0515. {안개비}0025-0055. {안개비}0140-{안개비}{강도2}0300-0330. {안개비}0615-0625.,4.67
115,울릉도,2012-08-18,25.8,24.6,1,27.7,1308,,,,,,,10.7,230,705,6.4,230,716,4.2,3669,200,24.9,86,1145,95.4,31.6,986.3,1013.5,1,1009.9,1629,1011.4,13.5,0.4,,,,,,,,,7.9,6.4,27.2,25.2,27.2,27.1,26.6,26.7,26.1,23.9,21.1,15.0,12.5,3.4,4.2,,{박무}0125-{시정(미만)}{1km}{안개}0145-{시정(미만)}{0.5km}{안개}0155-{안개}{강도1}0300-{시정(이상)}{0.5km}{안개}0430-{안개}{강도0}0600-{시정(이상)}{1km}{박무}0645-0715. {박무}1215-{박무}{강도0}1500-{박무}{강도0}1800-1930. {박무}2315-{박무}{강도0}2400-,5.0
115,울릉도,2012-08-19,26.0,25.1,655,29.0,1422,,,,,,,14.8,200,1120,9.1,230,1217,6.3,5427,230,24.8,75,1408,93.9,31.4,983.8,1010.1,1,1008.1,1634,1008.8,13.5,1.5,,,,,,,,,8.4,7.9,27.9,25.7,27.3,27.2,26.7,26.7,26.2,23.9,21.1,15.1,12.5,0.4,0.5,,-{박무}-{시정(미만)}{1km}{안개}0130-{시정(미만)}{0.5km}{안개}0240-{안개}{강도1}0300-{시정(미만)}{0.2km}{안개}0415-{안개}{강도2}0600-{시정(이상)}{0.2km}{안개}0615-{시정(이상)}{0.5km}{안개}0635-{시정(이상)}{1km}{박무}0650-0740. {박무}1640-{시정(미만)}{1km}{안개}1655-{안개}{강도0}1800-{시정(이상)}{1km}{박무}1820-{박무}{강도1}2100-{박무}{강도0}2400-,6.75
115,울릉도,2012-08-20,25.3,24.7,1940,26.2,1147,,,,,,,14.9,200,156,8.7,200,249,5.8,5006,200,25.0,92,2021,98.0,31.6,984.0,1010.2,2105,1008.0,222,1009.1,13.4,0.0,,,,,,,,,8.3,6.5,26.1,24.1,26.7,26.8,26.6,26.7,26.2,24.0,21.1,15.2,12.5,0.6,1.5,,-{박무}-{박무}{강도0}0300-{박무}{강도0}0600-{박무}{강도1}0900-{박무}{강도0}1200-{박무}{강도1}1500-1545. {박무}1720-{박무}{강도0}1800-1840.,
115,울릉도,2012-08-21,25.9,24.5,439,28.7,1544,,,,,,,13.1,230,156,7.9,230,121,4.8,4124,200,25.1,76,1550,96.0,31.8,985.6,1011.6,803,1009.9,4,1010.6,13.4,2.2,,,,,,,,,6.1,5.5,28.6,23.8,26.8,26.7,26.4,26.4,25.8,24.0,21.1,15.2,12.6,1.6,2.1,,{박무}0630-{시정(미만)}{1km}{안개}0730-{시정(미만)}{0.5km}{안개}0745-{시정(이상)}{0.5km}{안개}0830-{안개}{강도0}0900-{시정(이상)}{1km}{박무}1045-{박무}{강도0}1200-1320.,3.25
115,울릉도,2012-08-22,24.0,22.5,1800,27.2,1002,0,1744,0.5,1654,9.5,1.5,17.0,250,1712,10.2,250,1711,6.1,5283,200,22.8,79,1833,93.4,27.8,985.3,1014.3,2340,1008.6,604,1010.4,13.4,0.4,,,,,,,,,8.9,6.1,25.3,22.4,26.4,26.5,26.5,26.5,26.1,23.9,21.1,15.3,12.6,4.9,6.0,5.5,{안개비}1130-1150. {비}1210-1230. {비}1345-{비}{강도0}1500-{비}{강도0}1800-{비}{강도0}2100-2120. {비}2215-2330.,
115,울릉도,2012-08-23,21.6,20.2,1550,22.8,917,8,1040,28.0,950,22.25,66.5,12.3,50,1158,8.2,50,1603,4.2,3658,50,21.5,91,47,100.0,25.6,990.9,1018.1,1232,1014.0,3,1016.5,13.3,0.0,,,,,,,,,10.0,7.1,22.9,21.0,24.4,24.6,25.2,25.4,25.2,23.9,21.1,15.3,12.6,1.5,2.0,92.5,{비}0145-{비}{강도0}0300-{비}{강도0}0600-{비}{강도0}0900-{비}{강도1}1200-{비}{강도0}1500-{비}{강도0}1800-{비}{강도0}2100-{비}{강도0}2400- {박무}0130-{박무}{강도1}0300-{박무}{강도0}0600-{시정(미만)}{1km}{안개}0840-{안개}{강도0}0900-{시정(이상)}{1km}{박무}1120-{박무}{강도2}1200-{박무}{강도2}1500-{박무}{강도0}1800-{박무}{강도0}2100-{박무}{강도0}2400-,2.67
115,울릉도,2012-08-24,22.2,21.1,318,24.1,1233,5,515,21.0,425,17.0,32.0,11.9,360,619,7.2,50,720,3.2,2755,50,20.9,72,2156,93.1,24.8,991.7,1018.1,2248,1015.6,234,1017.2,13.3,0.0,,,,,,,,,10.0,5.6,23.8,21.3,24.1,24.2,24.4,24.5,23.5,24.0,21.7,15.5,12.6,0.7,1.3,1.0,-{박무}-{박무}{강도2}0300-{박무}{강도2}0600-0740. -{비}-{비}{강도0}0300-{비}{강도1}0600-{비}{강도0}0900-{비}{강도0}1200-1215. {비}1250-{비}{강도0}1500-1735.,
115,울릉도,2012-08-25,24.1,22.5,19,26.2,1252,0,,0.0,,2.25,0.0,6.5,50,1041,4.6,50,1050,2.0,1762,50,23.5,80,2151,96.9,29.0,990.8,1017.9,24,1014.6,1824,1016.1,13.3,1.0,,,,,,,,,8.8,6.6,26.0,21.8,25.2,25.0,24.7,24.8,24.0,23.8,21.8,15.7,12.6,2.1,2.9,0.0,{비}0015-0030. {비}0215-0225. {비}0355-0410.{비}0845-{비}{강도0}0900-1020. {박무}0540-{시정(미만)}{1km}{안개}0555-{안개}{강도0}0600-{시정(이상)}{1km}{박무}0725-0825. {박무}1540-{박무}{강도0}1800-1940.,1.5
115,울릉도,2012-08-26,25.2,23.2,354,28.4,1016,,,,,,,6.9,50,2116,4.3,20,2120,2.6,2255,50,23.1,67,804,89.1,28.4,988.8,1015.2,1,1012.7,1458,1014.0,13.2,9.5,,,,,,,,,4.3,3.4,29.2,21.2,26.7,26.4,25.7,25.7,24.9,23.8,21.8,15.8,15.7,4.0,5.8,,,
115,울릉도,2012-08-27,26.1,23.6,426,29.0,1047,,,,,,,8.8,90,1751,5.1,50,1820,2.7,2373,50,24.2,66,1030,90.4,30.3,987.8,1014.4,902,1011.6,1921,1012.8,13.2,9.4,,,,,,,,,6.0,4.5,30.3,22.6,27.8,27.4,26.6,26.6,25.8,23.8,21.7,15.9,12.7,4.5,5.7,,{박무}0530-{박무}{강도0}0600-0720. {박무}1920-{박무}{강도0}2100-2255.,
115,울릉도,2012-08-28,25.2,24.1,2323,26.8,1059,0,1648,0.5,1615,2.17,0.5,15.1,200,2058,8.8,200,2153,4.0,3423,180,23.8,80,1102,92.3,29.5,981.2,1011.7,28,1002.3,2305,1006.1,13.1,0.3,,,,,,,,,10.0,6.6,26.1,23.5,26.9,26.9,26.8,26.8,26.3,23.9,21.7,15.9,12.7,1.4,2.0,0.5,{비}1250-1345. {비}1615-1720. {비}1935-1945. {박무}2035-{박무}{강도0}2100-{박무}{강도0}2400-,
115,울릉도,2012-08-29,25.0,23.0,514,27.0,1520,,,,,,,20.0,200,716,13.4,200,725,8.9,7717,230,21.4,65,2223,81.3,25.6,982.2,1010.8,2311,1002.2,146,1007.2,13.1,9.1,,,,,,,,,4.4,2.1,27.1,22.4,26.2,26.2,26.1,26.2,25.5,24.0,21.7,16.0,12.7,5.2,6.4,,-{박무}-{박무}{강도0}0300-0550.,
115,울릉도,2012-08-30,24.1,20.7,2353,26.0,155,0,2111,0.4,2030,5.0,0.5,17.7,250,2206,10.2,200,2119,3.4,2938,50,20.9,53,226,83.9,25.0,982.7,1011.1,839,1004.1,2025,1007.8,13.1,0.7,,,,,,,,,8.9,5.9,25.1,20.3,25.7,25.7,25.8,25.9,25.4,24.0,21.6,16.1,12.8,2.0,3.0,1.0,{박무}1315-{박무}{강도1}1500-{박무}{강도1}1800-1930. {비}1520-{안개비}1615-{비}1740-{비}{강도0}1800-1820. {비}2030-{비}{강도0}2100-2230.,
115,울릉도,2012-08-31,19.5,18.5,1007,20.9,643,0,845,1.0,1550,9.33,3.0,22.9,320,950,12.4,340,953,5.1,4440,230,18.7,82,2053,95.5,21.6,981.8,1011.4,2355,1003.5,412,1007.3,13.0,0.9,,,,,,,,,9.6,7.8,20.9,19.6,23.8,24.2,24.8,25.0,24.4,23.9,21.6,16.1,12.8,0.3,0.5,6.5,{안개비}0725-0740. {안개비}0755-0805. {비}0820-{비}{강도0}0900-0945. {안개비}1040-1055. {안개비}1150-1155. {안개비}1205-1225. {안개비}1415-1430. {안개비}1450-{안개비}{강도0}1500-1515. {비}1520-{비}{강도0}1800-2040. {안개비}2310-{안개비}{강도0}2400- {박무}0925-{박무}{강도0}1200-1340. {무지개}0820-0850. ナ1725-1750.,
115,울릉도,2012-09-01,20.3,18.9,351,22.5,1240,0,24,1.5,717,10.33,4.5,6.8,20,406,2.9,360,407,1.1,992,110,19.7,84,1441,96.6,22.9,987.4,1015.3,2218,1010.6,353,1012.9,13.0,0.4,,,,,,,,,8.9,6.9,23.7,18.9,23.6,23.6,24.0,24.1,23.5,23.8,21.6,16.2,12.8,3.1,3.9,0.5,-{안개비}-{비}0019-{안개비}0230-{안개비}{강도0}0300-{비}0320-{비}{강도0}0600-{비}{강도0}0900-0910. {안개비}0950-1020. {안개비}1115-1155. {박무}0030-{박무}{강도0}0300-{박무}{강도0}0600-{박무}{강도0}0900-1120.,
115,울릉도,2012-09-02,21.7,19.3,450,24.7,1208,,,,,,,5.3,50,1745,3.6,50,1805,1.5,1299,50,19.3,72,1530,87.1,22.5,988.5,1015.2,33,1012.9,1652,1014.0,12.9,9.9,,,,,,,,,4.1,4.0,27.5,18.1,24.7,24.5,24.3,24.4,23.7,23.6,21.6,16.2,12.8,4.3,5.5,,,
115,울릉도,2012-09-03,22.3,20.6,511,25.6,1336,,,,,,,5.9,70,1029,3.9,230,2400,1.4,1237,50,20.9,76,1332,92.5,24.7,988.0,1014.5,2036,1012.6,1544,1013.4,12.9,4.6,,,,,,,,,4.0,3.4,24.3,18.4,24.9,24.9,24.8,24.9,24.1,23.5,21.6,16.2,12.8,2.7,3.0,,,
115,울릉도,2012-09-04,23.4,21.2,1,26.5,1320,,,,,,,15.0,200,2049,9.1,230,2056,5.1,4401,200,22.7,70,1351,96.6,27.6,988.8,1015.0,2323,1013.0,1653,1014.1,12.9,3.2,,,,,,,,,6.9,6.1,25.6,20.9,25.3,25.2,25.0,25.1,24.4,23.5,21.5,16.3,12.9,3.1,3.8,,{박무}0650-{시정(미만)}{1km}{안개}0720-{시정(이상)}{1km}{박무}0825-0850. {박무}1450-{박무}{강도0}1500-{박무}{강도0}1800-{박무}{강도0}2100-2320.,1.08
115,울릉도,2012-09-05,23.2,21.8,2330,25.6,1530,0,935,0.5,910,1.0,0.5,13.0,230,522,7.4,230,507,5.1,4415,230,20.8,57,2335,87.8,24.9,990.0,1016.7,2103,1014.2,444,1015.3,12.8,2.6,,,,,,,,,6.1,3.8,26.7,18.9,25.2,25.3,25.1,25.2,24.6,23.4,21.5,16.3,12.9,3.0,4.3,0.5,{비}0910-1010. {박무}0220-{박무}{강도0}0300-{시정(미만)}{1km}{안개}0550-{안개}{강도0}0600-{시정(이상)}{1km}{박무}0630-{박무}{강도0}0900-1015.,0.67
115,울릉도,2012-09-06,21.2,18.5,2357,24.8,1154,,,,,,,8.3,230,2316,5.5,230,2308,1.9,1675,230,13.9,41,1910,63.4,16.0,992.5,1019.3,2349,1016.4,53,1018.1,12.8,10.3,,,,,,,,,0.8,0.6,24.7,14.2,24.5,24.6,24.7,24.9,23.9,23.5,21.5,16.3,12.9,1.5,2.7,,,
115,울릉도,2012-09-07,21.0,17.9,120,24.6,1452,,,,,,,4.2,180,1239,2.9,50,1851,1.5,1294,50,17.6,69,19,81.1,20.2,994.0,1020.7,2014,1018.9,1604,1019.7,12.8,9.8,,,,,,,,,4.1,2.3,26.6,14.5,24.2,24.3,24.4,24.6,23.6,23.4,21.5,16.4,12.9,0.0,0.5,25.5,,
115,울릉도,2012-09-08,21.0,18.1,741,22.9,2038,13,710,19.5,625,6.75,26.0,17.5,200,710,9.9,200,1535,4.1,3504,200,19.3,65,2346,91.3,22.7,987.7,1019.4,1,1010.4,1528,1013.2,12.7,0.1,,,,,,,,,9.1,7.3,21.2,17.7,22.9,23.2,23.8,24.2,23.4,23.3,21.4,16.4,12.9,0.7,0.5,0.5,{비}0315-{비}{강도0}0600-{비}{강도0}0900-0935. {비}1225-1250. {천둥}{강도0}(SW)0620-{뇌전}{강도0}(SW 5~6)0630-0640. {천둥}{강도0}(SW)0645-{뇌전}{강도0}(SW 6~7)0710-{뇌전}{강도1}(SW 3~4)0720-{뇌전}{강도2}(SW 1~2)0735-{뇌전}{강도1}(SW{이동}S 2~3)0755-{뇌전}{강도2}(S 1~2)0830-0845. {박무}2040-{박무}{강도0}2100-2140.,
115,울릉도,2012-09-09,19.7,18.6,2229,21.8,3,0,,0.4,1244,1.92,0.5,6.1,230,30,3.6,70,444,1.4,1209,200,16.0,62,36,79.8,18.2,987.9,1015.0,1019,1011.9,57,1013.5,12.7,0.4,,,,,,,,,9.6,5.4,23.0,17.7,22.7,22.9,23.3,23.5,23.0,23.2,21.4,16.4,13.0,,,5.0,{비}1220-1415.,
115,울릉도,2012-09-10,18.1,17.1,813,19.0,1444,1,445,2.0,444,10.5,7.5,10.7,50,1530,7.5,50,1503,4.4,3771,50,16.3,73,2031,89.9,18.6,988.5,1016.2,2117,1012.5,314,1014.3,12.6,1.8,,,,,,,,,8.0,6.6,21.0,15.7,22.0,22.2,22.8,23.0,22.5,23.0,21.4,16.4,13.0,2.3,3.1,3.0,{비}0255-{비}{강도0}0300-{비}{강도0}0600-{비}{강도0}0900-{비}{강도0}1200-1325.,
115,울릉도,2012-09-11,19.5,16.9,124,23.2,1321,,,,,,,10.4,50,817,7.2,50,820,3.4,2949,50,14.2,57,1606,72.0,16.2,988.8,1015.7,2,1013.1,2358,1014.4,12.6,9.0,,,,,,,,,3.6,3.4,22.6,13.6,22.1,22.0,22.2,22.4,21.7,22.9,21.5,16.5,13.0,0.8,4.6,,,
115,울릉도,2012-09-12,20.0,17.1,553,23.4,1258,,,,,,,4.6,250,1332,3.0,360,38,1.4,1233,230,15.3,63,1344,74.9,17.4,986.2,1013.2,223,1009.4,1505,1011.7,12.6,8.5,,,,,,,,,5.1,2.0,24.0,11.8,22.5,22.5,22.6,22.7,22.0,22.7,21.4,16.5,13.0,2.9,4.0,,,
115,울릉도,2012-09-13,21.6,18.3,446,25.1,1405,,,,,,,6.8,230,2341,4.2,230,2125,2.6,2217,200,17.5,69,2126,78.3,20.2,984.8,1011.3,101,1008.7,1555,1010.2,12.5,4.4,,,,,,,,,7.4,3.4,24.4,15.0,23.2,23.2,23.0,23.2,22.5,22.6,21.4,16.6,13.1,4.0,5.0,36.5,,
115,울릉도,2012-09-14,19.2,17.5,2234,22.1,1,5,611,14.0,417,17.75,66.0,13.5,50,1231,9.4,50,1230,4.8,4110,50,18.7,88,1,97.0,21.7,987.1,1015.5,2152,1010.1,154,1012.7,12.5,0.0,,,,,,,,,10.0,7.1,20.8,17.6,22.6,22.8,23.1,23.3,22.9,22.7,21.3,16.6,13.1,4.5,4.7,36.5,{비}0225-{비}{강도0}0300-{비}{강도1}0600-{비}{강도0}0900-1140. {비}1330-{비}{강도0}1500-1730. {비}1930-{비}{강도1}2100-{비}{강도1}2400- {박무}0240-{시정(미만)}{1km}{안개}0245-{시정(미만)}{0.5km}{안개}0255-{안개}{강도1}0300-{시정(이상)}{0.5km}{안개}0330-{안개}{강도0}0600-{시정(이상)}{1km}{박무}0740-{박무}{강도1}0900-1030. {박무}1415-{박무}{강도1}1500-1735. {박무}1920-{박무}{강도1}2100-{박무}{강도1}2400-,4.92
115,울릉도,2012-09-15,17.5,16.5,321,18.0,558,2,24,4.5,1,12.25,9.5,13.8,70,620,9.8,20,1502,6.5,5600,50,16.4,82,1606,93.5,18.7,991.9,1020.2,2001,1014.4,407,1017.8,12.4,0.0,,,,,,,,,10.0,7.0,18.2,16.5,20.6,20.9,21.7,21.9,21.4,22.5,21.6,16.7,13.1,2.2,3.0,35.0,-{비}-{비}{강도0}0300-0340. {비}0520-{비}{강도0}0600-0625. {비}1115-{비}{강도0}1200-1225. {비}1325-{비}{강도0}1500-1520. {비}1630-1655. {비}1845-2015. {비}2130-{비}{강도0}2400- -{박무}-{박무}{강도0}0300-0345. {박무}0530-{박무}{강도0}0600-0620. {박무}2320-{박무}{강도1}2400-,
115,울릉도,2012-09-16,19.1,17.8,1,20.9,2352,4,2300,16.0,2228,24.0,103.5,20.6,70,1931,13.9,50,1823,9.2,7941,50,18.6,97,1,97.0,21.4,990.0,1019.5,1,1009.8,2352,1015.7,12.4,0.0,,,,,,,,,10.0,8.4,19.4,17.7,20.1,20.3,21.0,21.1,20.6,22.1,21.5,16.9,13.1,0.7,1.0,78.0,-{비}-{비}{강도0}0300-{비}{강도1}0600-{비}{강도1}0900-{비}{강도0}1200-{비}{강도0}1500-{비}{강도0}1800-{비}{강도1}2100-{비}{강도1}2400- -{박무}-{박무}{강도2}0300-0415. {박무}0530-{박무}{강도2}0600-{시정(미만)}{1km}{안개}0745-{안개}{강도0}0900-{안개}{강도0}1200-{안개}{강도0}1500-{안개}{강도0}1800-{안개}{강도0}2100-{안개}{강도0}2400-,16.25
115,울릉도,2012-09-17,22.2,17.8,2357,24.3,1545,2,1844,4.0,1,9.83,12.5,19.6,200,2031,12.4,230,2114,5.2,4477,200,21.2,86,1414,94.4,25.3,973.6,1009.9,1,991.6,1854,998.6,12.4,0.2,,,,,,,,,10.0,7.1,22.8,18.4,21.6,21.4,21.3,21.4,20.9,21.7,21.8,17.1,13.2,1.9,2.8,6.5,-{비}-{비}{강도0}0300-0430. {비}0525-{비}{강도0}0600-0640. {비}1510-1535. {비}1735-1750. {비}1815-2040. {비}2300-{비}{강도0}2400- -{안개}-{안개}{강도0}0300-{시정(이상)}{1km}{박무}0340-{박무}{강도0}0600-{박무}{강도0}0900-{박무}{강도0}1200-{박무}{강도0}1500-{박무}{강도0}1800-{박무}{강도0}2100-{박무}{강도0}2400-,3.67
115,울릉도,2012-09-18,20.2,16.9,50,23.1,1508,0,1,1.0,1,1.33,1.0,15.4,250,13,9.4,250,21,5.4,4661,230,16.9,70,250,81.9,19.4,977.2,1004.7,2108,997.4,7,1002.6,12.3,5.1,,,,,,,,,6.8,5.9,23.7,16.3,21.8,21.7,21.8,21.9,21.1,21.7,21.7,17.3,13.2,1.9,2.4,,-{박무}-0040. -{비}-0120.,
115,울릉도,2012-09-19,20.7,18.6,543,24.7,1439,,,,,,,10.1,250,105,6.6,250,108,3.3,2865,250,15.0,54,1446,70.6,17.1,982.3,1011.5,2341,1004.0,224,1007.6,12.3,9.8,,,,,,,,,1.8,1.8,23.4,14.0,22.3,22.2,22.1,22.2,21.5,21.8,21.5,17.4,13.3,3.0,3.7,,,
115,울릉도,2012-09-20,20.0,17.7,2213,23.5,1256,,,,,,,8.8,200,26,5.6,230,35,1.5,1260,250,13.1,52,2355,64.9,15.2,988.9,1016.4,2124,1011.5,1,1014.5,12.3,8.2,,,,,,,,,4.3,1.4,22.5,13.1,22.1,22.1,22.2,22.4,21.6,21.8,21.4,17.5,13.3,3.8,4.5,,,
115,울릉도,2012-09-21,19.2,17.2,458,22.9,1257,,,,,,,5.0,140,1039,2.5,50,111,1.2,1013,50,15.0,50,9,77.1,17.2,989.9,1016.6,822,1014.4,1300,1015.6,12.2,5.3,,,,,,,,,5.5,4.1,20.9,12.3,21.6,21.7,22.0,22.2,21.5,21.8,21.3,17.5,13.3,2.3,3.0,,,
115,울릉도,2012-09-22,18.4,17.0,713,21.0,1213,3,1701,3.5,1645,0.75,3.5,9.9,70,651,6.4,50,724,3.2,2798,50,15.1,67,632,81.8,17.3,987.3,1015.1,1,1011.1,2357,1013.0,12.2,0.8,,,,,,,,,7.3,6.0,20.0,12.8,21.2,21.3,21.6,21.8,21.1,21.7,21.2,17.5,13.3,2.5,3.0,3.5,{소나기}1645-1730.,
115,울릉도,2012-09-23,18.6,16.8,2319,23.2,1128,0,,0.1,,0.33,0.1,14.7,90,1254,9.1,50,1300,5.2,4514,50,15.6,66,931,83.0,17.8,985.3,1012.8,2245,1009.6,334,1011.0,12.1,4.9,,,,,,,,,6.4,5.5,20.3,13.8,21.4,21.5,21.6,21.8,21.3,21.7,21.2,17.5,13.4,1.9,2.4,0.1,{소나기}1250-1310.,
115,울릉도,2012-09-24,18.1,16.2,300,21.5,1124,,,,,,,11.4,50,1410,7.2,50,649,4.9,4206,50,14.1,60,412,77.5,16.1,989.5,1018.7,2329,1012.5,146,1015.3,12.1,8.5,,,,,,,,,4.4,4.4,20.8,11.6,21.0,21.0,21.3,21.4,20.9,21.7,21.1,17.6,13.4,4.6,5.3,,,
115,울릉도,2012-09-25,17.6,15.7,2304,20.9,1328,,,,,,,10.9,20,926,6.7,50,338,5.2,4534,50,12.5,56,1209,72.8,14.5,995.7,1024.1,2158,1018.6,8,1021.8,12.0,10.2,,,,,,,,,1.6,0.8,20.5,12.0,20.9,21.0,21.2,21.4,20.9,21.6,21.1,17.6,13.4,3.9,5.1,,,
115,울릉도,2012-09-26,17.6,15.1,521,21.4,1158,,,,,,,7.5,50,2150,5.0,50,1525,3.5,3029,50,12.6,59,952,73.5,14.6,996.8,1024.5,1019,1021.8,1624,1022.9,12.0,9.2,,,,,,,,,4.9,1.8,20.4,11.2,20.6,20.7,21.0,21.1,20.6,21.5,21.0,17.6,13.5,3.2,4.1,,,
115,울릉도,2012-09-27,18.8,16.7,146,21.4,1019,,,,,,,9.3,50,1435,6.5,50,1303,4.0,3482,50,16.1,72,1019,84.8,18.3,993.7,1022.0,8,1016.5,2352,1019.5,12.0,3.4,,,,,,,,,7.3,2.3,20.0,13.1,20.8,20.8,21.0,21.1,20.7,21.4,21.0,17.6,13.5,1.5,1.8,,,
115,울릉도,2012-09-28,19.8,17.9,2149,23.7,1542,,,,,,,7.5,250,2218,5.3,230,2223,2.8,2403,230,17.3,66,1507,85.9,19.7,986.5,1016.4,1,1009.1,2400,1012.0,11.9,5.0,,,,,,,,,6.9,5.6,23.1,15.7,21.8,21.7,21.4,21.5,21.2,21.4,20.9,17.6,13.5,3.3,4.1,,,
115,울릉도,2012-09-29,17.7,14.7,2212,21.0,1338,,,,,,,12.2,250,136,8.0,250,140,3.3,2841,250,9.6,43,1037,59.5,12.0,983.2,1010.6,2212,1007.0,1555,1008.9,11.9,9.3,,,,,,,,,4.9,2.5,21.7,10.5,21.2,21.3,21.5,21.6,21.1,21.4,20.9,17.6,13.5,5.1,6.3,,,
115,울릉도,2012-09-30,16.6,14.6,241,20.9,1139,,,,,,,11.7,50,2128,7.0,70,2133,4.2,3631,50,10.6,56,1026,68.0,12.8,983.4,1010.9,2346,1007.4,1403,1009.3,11.8,7.4,,,,,,,,,3.5,3.4,20.6,9.2,20.1,20.2,20.7,20.9,20.1,21.3,20.8,17.6,13.6,1.0,3.3,0.0,,
115,울릉도,2012-10-01,16.9,15.5,444,19.4,1338,0,,0.0,,1.5,0.0,13.7,320,558,8.4,340,617,4.7,4057,20,11.3,59,1056,70.3,13.4,988.2,1016.6,2224,1010.7,18,1014.1,11.8,9.1,,,,,,,,,5.0,5.0,20.8,12.0,20.1,20.0,20.4,20.5,20.3,21.2,20.8,17.6,13.6,3.0,3.8,0.0,{비}0335-0350. {비}0410-0510. {비}0855-{비}{강도0}0900-0910.,
115,울릉도,2012-10-02,16.1,14.5,526,19.3,1003,,,,,,,11.4,70,1236,7.8,50,1632,5.3,4620,50,11.7,64,925,75.4,13.8,990.7,1017.6,730,1016.1,39,1016.9,11.8,4.8,,,,,,,,,3.9,3.9,18.8,9.6,19.0,19.2,19.8,20.0,19.8,21.1,20.7,17.5,13.6,3.3,4.5,,,
115,울릉도,2012-10-03,17.2,15.0,614,20.3,1235,,,,,,,12.0,70,924,7.7,50,1037,5.8,5001,50,12.7,60,936,75.5,14.7,988.5,1016.8,206,1012.2,2337,1014.4,11.7,9.6,,,,,,,,,4.3,4.1,22.0,11.2,19.3,19.2,19.5,19.6,19.5,21.0,20.7,17.6,13.7,3.8,5.4,,,
115,울릉도,2012-10-04,17.5,15.4,654,22.1,1425,,,,,,,10.9,50,801,6.8,20,747,3.1,2649,50,11.2,46,1128,67.5,13.3,985.9,1013.6,2247,1010.3,1245,1011.7,11.7,10.2,,,,,,,,,1.9,1.0,22.9,9.1,20.1,20.0,20.0,20.1,19.9,20.9,20.6,17.5,13.7,2.9,3.7,,,
115,울릉도,2012-10-05,18.7,15.0,210,22.6,1148,,,,,,,5.7,230,659,4.3,200,706,1.4,1179,250,11.4,47,321,63.5,13.9,990.8,1018.8,2257,1013.6,1,1016.6,11.7,8.3,,,,,,,,,5.3,0.6,20.9,8.1,19.7,19.7,20.0,20.1,19.7,20.8,20.5,17.5,13.7,2.5,2.8,0.0,,
115,울릉도,2012-10-06,18.5,17.0,2326,22.1,1250,0,,0.0,,1.67,0.0,14.9,50,2141,9.7,50,2149,3.1,2665,250,11.1,37,1359,63.6,13.4,993.7,1020.9,2308,1018.2,123,1019.5,11.6,4.5,,,,,,,,,8.0,4.5,21.6,14.2,20.1,20.0,20.2,20.3,20.1,20.7,20.4,17.5,13.7,2.9,3.4,0.0,{비}0715-0845. {비}2350-{비}{강도0}2400-,
115,울릉도,2012-10-07,15.7,13.5,2308,18.9,1238,0,,0.0,,0.25,0.0,15.2,20,120,9.3,50,136,6.4,5496,50,7.5,46,841,58.6,10.4,997.0,1024.5,2145,1020.6,26,1023.3,11.6,7.8,,,,,,,,,3.0,3.0,19.1,8.9,19.1,19.3,19.8,19.9,19.8,20.6,20.4,17.5,13.7,3.9,5.0,,-{비}-0015. {번개}{강도0}(S)0115-0135.,
115,울릉도,2012-10-08,15.0,12.8,557,18.3,1111,,,,,,,9.9,70,412,6.0,50,530,3.8,3280,50,7.9,53,1040,63.1,10.7,996.2,1024.1,808,1021.1,2348,1022.5,11.5,9.7,,,,,,,,,4.4,4.0,20.4,8.1,18.3,18.3,18.9,19.1,19.0,20.6,20.3,17.5,13.7,3.6,4.5,,,
115,울릉도,2012-10-09,16.6,13.8,530,20.4,1208,,,,,,,7.9,70,1456,5.2,50,1336,2.9,2543,50,11.3,48,1305,71.5,13.5,992.1,1021.1,1,1015.5,2352,1018.1,11.5,7.4,,,,,,,,,5.8,4.1,20.3,7.7,18.7,18.5,18.8,19.0,19.0,20.4,20.3,17.5,13.8,3.7,4.0,,,
115,울릉도,2012-10-10,18.0,16.0,345,22.0,1440,,,,,,,9.1,180,1235,5.5,250,1152,2.9,2513,230,11.1,44,1640,64.9,13.3,986.2,1015.5,1,1009.5,1419,1012.0,11.4,7.9,,,,,,,,,6.0,5.3,21.8,10.7,19.4,19.3,19.2,19.3,19.4,20.3,20.2,17.4,13.8,4.1,4.4,0.5,,
115,울릉도,2012-10-11,13.3,11.0,2133,16.9,159,5,1032,13.5,1030,3.12,16.0,13.8,70,1353,9.2,50,1112,5.4,4643,50,9.1,56,716,76.5,11.6,988.6,1018.4,2304,1010.9,151,1014.9,11.4,2.7,,,,,,,,,5.4,5.1,14.6,7.2,17.4,17.9,18.7,18.9,19.1,20.2,20.1,17.4,13.8,2.6,4.0,15.5,{비}0308-0320. {비}0755-0810. {비}0840-{비}{강도0}0900-0920. {비}1030-{비}{강도1}1200-1230. {용오름}(NE 3~4)0710-0725.,
115,울릉도,2012-10-12,14.8,10.9,432,19.2,1417,,,,,,,7.8,250,2258,5.5,250,2305,2.3,1959,360,6.9,33,1317,60.1,10.0,991.4,1018.8,2120,1016.2,1540,1017.7,11.4,8.4,,,,,,,,,1.1,1.1,15.1,4.9,16.7,16.8,17.6,17.8,17.7,20.1,20.1,17.5,13.8,3.1,3.9,,,
115,울릉도,2012-10-13,17.2,14.8,6,21.7,1332,,,,,,,10.6,180,2350,6.5,230,1938,3.2,2766,230,9.4,39,428,61.0,12.0,991.3,1018.6,820,1016.1,2359,1017.4,11.3,7.0,,,,,,,,,4.3,0.1,16.4,7.2,17.1,17.2,17.6,17.7,17.8,19.9,20.0,17.5,13.8,0.7,3.2,,,
115,울릉도,2012-10-14,18.7,16.3,642,22.9,1426,,,,,,,13.0,230,52,7.6,250,203,4.5,3893,230,8.6,30,1451,54.4,11.5,990.0,1017.0,2328,1014.0,1426,1015.7,11.3,8.3,,,,,,,,,2.3,0.0,17.5,10.3,17.9,17.8,18.0,18.1,18.1,19.7,19.9,17.4,13.9,4.3,4.7,,,
115,울릉도,2012-10-15,15.7,14.0,508,18.3,1236,,,,,,,15.7,340,317,8.2,340,411,3.9,3412,70,8.7,47,250,63.6,11.3,995.8,1024.8,2101,1016.5,1,1022.1,11.3,4.9,,,,,,,,,3.8,2.9,15.1,8.8,17.1,17.3,17.8,17.9,18.0,19.6,19.9,17.5,13.9,1.8,2.7,,,
115,울릉도,2012-10-16,16.1,12.8,636,19.0,1343,,,,,,,6.7,270,1956,4.2,50,758,2.0,1770,20,9.4,52,1344,65.4,11.9,994.5,1025.2,649,1014.7,2359,1020.6,11.2,5.2,,,,,,,,,4.8,4.6,16.5,5.6,16.9,17.0,17.4,17.5,17.6,19.5,19.8,17.4,13.9,2.0,2.9,0.0,,
115,울릉도,2012-10-17,15.1,12.7,2359,17.2,127,1,1019,4.0,1001,6.25,7.5,16.9,340,2338,8.6,340,2320,4.7,4025,230,9.3,41,2130,70.3,12.2,985.0,1014.7,1,1007.8,1353,1011.0,11.2,0.0,,,,,,,,,7.4,4.9,14.1,6.9,16.8,17.0,17.5,17.6,17.9,19.3,19.7,17.4,13.9,0.4,1.0,9.0,{비}0740-{비}{강도0}0900-{비}{강도0}1200-1345. {소나기}1720-1730.,
115,울릉도,2012-10-18,11.9,10.7,923,14.2,1254,1,842,2.0,826,4.17,3.0,21.1,270,154,10.4,340,218,4.4,3813,20,3.5,23,1720,59.6,8.3,989.5,1017.4,1051,1012.8,16,1016.0,11.1,3.9,,,,,,,,,3.0,3.0,12.4,3.8,14.8,15.2,16.2,16.4,16.4,19.2,19.6,17.4,13.9,2.5,2.8,1.5,{소나기}0645-0745. {소나기}0755-{소나기}{강도0}0900-1105.,
115,울릉도,2012-10-19,14.3,11.8,5,17.6,1410,,,,,,,10.3,340,1203,5.6,360,1051,2.3,2021,230,3.2,34,1728,47.8,7.7,993.7,1021.7,2013,1016.9,1,1020.0,11.1,8.1,,,,,,,,,2.6,2.6,14.2,4.9,14.9,15.0,15.6,15.8,16.0,18.9,19.5,17.4,13.9,2.8,4.3,,,
115,울릉도,2012-10-20,16.7,13.2,458,20.0,1249,,,,,,,14.9,230,1824,9.2,230,1833,4.9,4193,230,5.8,33,2052,48.8,9.3,993.5,1021.6,740,1017.4,1404,1019.5,11.1,9.4,,,,,,,,,0.3,0.3,14.4,4.8,15.1,15.2,15.7,15.8,16.0,18.7,19.4,17.4,14.0,2.4,3.4,,,
115,울릉도,2012-10-21,17.8,15.8,2000,22.1,1212,,,,,,,13.1,360,405,8.0,340,433,3.3,2811,230,11.2,41,751,66.5,13.4,996.4,1024.0,919,1019.6,1,1022.4,11.0,9.5,,,,,,,,,0.8,0.5,17.5,9.3,16.3,16.1,16.2,16.2,16.5,18.6,19.4,17.4,14.0,2.9,3.3,,,
115,울릉도,2012-10-22,17.5,14.1,2355,19.6,1104,2,1830,7.0,1756,5.5,12.5,18.7,250,2336,12.1,230,1849,6.2,5326,200,14.5,49,2237,83.4,16.8,983.7,1021.0,1,1003.1,2311,1009.4,11.0,0.4,,,,,,,,,8.6,6.6,17.3,11.2,16.8,16.8,16.8,16.8,17.2,18.5,19.3,17.4,14.0,2.8,3.5,12.5,{비}1520-{비}{강도0}1800-2050. {뇌전}{강도0}(S 3~4)1855-{뇌전}{강도0}(S{이동}SE 3~4)1905-1910.,
115,울릉도,2012-10-23,11.0,9.6,1219,14.2,1,0,1131,0.2,1059,2.75,0.2,19.9,230,203,11.1,250,140,3.6,3136,50,3.4,39,2144,61.1,8.0,985.6,1017.3,2250,1003.4,1,1012.1,11.0,0.7,,,,,,,,,7.5,5.8,10.2,3.1,14.9,15.4,16.2,16.4,16.5,18.4,19.1,17.3,14.0,1.2,1.7,0.2,{비}1045-{비}{강도0}1200-1330.,
115,울릉도,2012-10-24,13.3,10.8,8,16.6,1301,0,,0.0,,0.17,0.0,10.8,230,1233,6.4,250,2149,4.0,3470,230,4.9,46,922,57.1,8.7,991.6,1019.1,2208,1016.4,239,1018.0,10.9,3.6,,,,,,,,,5.6,3.3,12.2,4.5,13.5,13.8,14.8,15.0,15.3,18.3,19.1,17.4,14.0,2.4,3.0,0.0,{비}1002-1012.,
115,울릉도,2012-10-25,15.5,13.0,612,19.2,1152,,,,,,,10.5,230,111,7.6,230,120,2.8,2387,230,7.0,48,1028,57.6,10.1,994.2,1022.3,2221,1018.5,23,1020.4,10.9,9.4,,,,,,,,,0.0,0.0,15.3,5.1,14.5,14.4,14.8,14.9,15.2,18.1,19.0,17.4,14.1,2.6,3.2,,,
115,울릉도,2012-10-26,16.1,14.0,237,19.5,1138,,,,,,,5.8,250,10,4.1,250,14,1.3,1134,50,9.8,50,141,66.8,12.2,997.8,1025.5,2131,1022.2,1,1024.1,10.8,9.3,,,,,,,,,1.1,1.1,15.9,5.4,15.2,15.1,15.3,15.3,15.6,17.9,18.9,17.4,14.1,2.6,3.2,,,
115,울릉도,2012-10-27,16.3,14.4,22,17.6,2020,2,1620,7.0,1605,10.25,19.0,16.1,160,2108,8.0,230,2023,3.1,2636,200,13.3,66,1059,83.3,15.4,992.0,1024.9,11,1010.1,2345,1018.1,10.8,0.0,,,,,,,,,8.8,6.5,15.2,8.2,15.3,15.3,15.6,15.7,16.0,17.7,18.8,17.3,14.1,3.0,3.6,20.0,{비}1250-{비}{강도0}1500-{비}{강도1}1800-{비}{강도0}2100-2135. {비}2230-{비}{강도0}2400- {박무}1720-{시정(미만)}{1km}{안개}1745-{안개}{강도0}1800-{시정(이상)}{1km}{박무}1830-{박무}{강도2}2100-{박무}{강도1}2400-,0.75
115,울릉도,2012-10-28,15.6,13.2,2049,18.4,147,0,1,1.5,1,3.35,1.5,17.1,250,338,10.2,230,231,5.2,4524,20,10.3,55,1603,71.3,12.6,988.0,1018.5,2301,1008.8,51,1014.1,10.8,3.4,,,,,,,,,5.8,5.8,15.9,9.2,16.2,16.0,16.0,16.0,16.4,17.6,18.7,17.3,14.1,1.2,1.5,1.0,-{비}-0145. {비}1055-{비}{강도0}1200-1220. {소나기}1848-1859. -{박무}-{박무}{강도1}0300-0320.,
115,울릉도,2012-10-29,12.3,11.3,1616,13.8,1101,0,430,0.5,430,1.03,0.5,9.6,20,522,6.8,50,530,3.1,2697,50,8.9,66,337,80.3,11.4,991.7,1020.7,846,1014.5,2359,1018.2,10.7,0.4,,,,,,,,,8.4,7.4,12.6,7.2,15.0,15.1,15.6,15.8,15.8,17.6,18.5,17.3,14.1,1.4,2.0,0.5,{소나기}0430-0455. {비}1520-1557.,
115,울릉도,2012-10-30,9.2,6.4,2012,14.2,313,3,934,7.0,934,10.5,11.0,17.4,90,1121,11.3,50,1127,5.9,5106,50,5.5,54,349,79.1,9.1,987.4,1017.4,2154,1010.4,341,1014.2,10.7,1.0,,,,,,,,,9.4,7.4,11.0,5.7,13.5,13.9,14.7,14.9,15.4,17.5,18.4,17.3,14.1,0.6,0.9,15.0,{비}0445-0520. {소나기}0925-{소나기}/ {우박}(d 0.6)0930-{소나기}0942-{비}1110-{비}{강도0}1200-1340. {비}1540-1555. {비}1615-{비}{강도0}1800-2040. {비}2130-2230.,
115,울릉도,2012-10-31,8.1,6.6,208,10.8,1531,6,1245,9.0,1158,11.25,16.0,11.6,360,1935,6.0,50,321,2.6,2275,290,3.3,46,1923,73.5,7.9,986.4,1016.8,1,1011.1,2350,1013.2,10.7,1.4,,,,,,,,,8.8,7.4,9.5,4.0,11.6,12.0,13.1,13.2,13.7,17.2,18.3,17.3,14.1,4.8,5.5,25.0,{비}0040-{비}{강도0}0300-0320. {비}0540-{비}{강도0}0600-{비}{강도0}0900-{비}{강도0}1200-{소나기}1215-{소나기}/{싸락우박}1220-{비}1310-1415. {박무}1120-{박무}{강도0}1200-1330. {뇌전}{강도0}(NE5~7)1255-1310.,
115,울릉도,2012-11-01,6.1,3.8,2233,8.8,136,,,,,19.08,35.0,22.2,20,1245,12.5,50,1425,6.1,5250,270,2.8,54,143,79.9,7.5,987.2,1021.8,2216,1009.2,1105,1014.3,10.6,0.4,,,,,,,,,9.3,7.6,6.7,1.4,9.6,10.4,11.8,11.9,11.8,16.3,18.1,17.3,14.1,,2.4,21.9,{비}0350-{비}{강도0}0600-0850. {비}0940-{소나기}1020-{소나기}/{싸락우박}1040-{소나기}1056-1110. {비}1125-{비}{강도0}1200-{비}{강도0}1500-{소나기}1520-{소나기}/{싸락우박}1525-{비}1530-{비}{강도0}1800-{비}/{싸락우박}2015-{비}2035-{비}{강도0}2100-{비}/{싸락우박}2315-{비}2335-{비}{강도0}2400- {뇌전}{강도0}(SE 4~5)0620-0645. {천둥}{강도0}(NW 4~5)0815-{뇌전}{강도0}(NW 3~4)0825-0830. {박무}0620-0740. {박무}0940-1110. {박무}1615-1710.,
115,울릉도,2012-11-02,6.7,5.0,44,8.3,1446,,,,,5.0,0.4,13.3,340,1546,8.5,20,1427,3.6,3121,20,0.0,49,427,62.8,6.2,996.5,1026.0,2159,1020.8,11,1023.8,10.6,0.8,,,,,,,,,6.4,6.4,6.7,-0.7,8.6,9.1,10.7,11.0,10.6,15.8,17.9,17.3,14.1,,3.4,0.0,-{비}-0145. {비}0825-0855. {비}0910-0925. {비}1045-{비}{강도0}1200-1315.,
115,울릉도,2012-11-03,9.1,5.7,207,12.9,1346,,,,,,,7.6,50,1121,5.0,50,1054,2.3,2004,360,-0.2,39,1249,52.5,6.1,998.9,1027.1,830,1024.8,1344,1026.0,10.6,9.0,,,,,,,,,0.9,0.8,8.5,-1.2,9.5,9.7,10.6,11.0,10.9,16.0,18.2,17.8,14.6,,3.0,,,
115,울릉도,2012-11-04,11.3,8.1,127,13.9,1331,,,,,3.08,0.5,8.4,50,1039,5.1,70,1047,2.6,2253,50,6.0,57,1332,70.5,9.4,995.5,1025.5,24,1018.2,2359,1022.2,10.5,2.7,,,,,,,,,9.1,6.6,10.4,1.2,10.5,10.6,11.1,11.4,11.5,15.6,18.0,17.8,14.6,,1.5,2.0,{비}2055-{비}{강도0}2100-{비}{강도0}2400-,
115,울릉도,2012-11-05,14.1,11.5,2359,17.6,1315,,,,,9.92,2.0,13.2,250,650,8.2,230,1041,4.6,3996,230,8.1,46,2012,69.4,11.1,986.7,1018.3,1,1010.5,1348,1012.9,10.5,6.4,,,,,,,,,6.6,5.9,14.4,7.0,12.8,12.5,12.4,12.5,12.7,15.5,17.9,17.7,14.6,,4.3,2.5,-{비}-{비}{강도0}0300-{비}{강도0}0600-{비}{강도0}0900-0955.,
115,울릉도,2012-11-06,9.4,7.2,1308,11.7,100,,,,,15.67,20.0,13.6,230,821,7.6,230,823,4.0,3467,230,4.5,53,355,72.4,8.4,984.5,1012.5,142,1009.7,1216,1011.2,10.5,1.7,,,,,,,,,8.9,7.1,9.3,5.5,11.8,12.1,12.7,12.8,12.9,15.4,17.7,17.7,14.6,,4.1,19.0,{비}0755-{소나기}0825-{비}0840-{비}{강도0}0900-1220. {비}1235-{비}{강도0}1500-{비}{강도0}1800-{비}{강도0}2100-{소나기}2310-{소나기}/ {싸락우박}2320-{소나기}2326-2350. {무지개}0810-0825. {천둥}{강도0}(NW)0825-{뇌전}{강도0}(N 3~4)0852-0920. {천둥}{강도0}(SW)1005-{뇌전}{강도1}(SW{이동}Z 1)1040-1120. {천둥}{강도0}(NW)1235-{뇌전}{강도0}(NW{이동}N)1250-1315. {뇌전}{강도0}(N 3~4)2055. {뇌전}{강도1}(NW 2~3)2317-{천둥}{강도0}(NE)2330-2335.,
115,울릉도,2012-11-07,11.0,8.7,1,13.9,1213,,,,,4.5,1.0,14.3,20,1545,6.5,340,358,2.8,2438,230,3.9,49,1214,62.6,8.1,984.8,1013.4,2349,1009.3,1407,1011.3,10.4,0.0,,,,,,,,,4.8,4.8,11.3,3.2,11.4,11.5,12.0,12.2,12.2,15.3,17.5,17.7,14.7,,2.7,1.8,{비}0010-0025. {비}0220-{비}{강도0}0300-{비}{강도0}0600-0635.,
115,울릉도,2012-11-08,11.8,10.2,2006,14.7,1015,,,,,,,7.9,270,1335,4.9,250,1337,1.8,1598,200,3.0,44,1858,55.3,7.6,988.9,1018.8,2400,1013.1,127,1015.4,10.4,0.0,,,,,,,,,4.8,2.1,10.4,1.9,11.5,11.7,12.2,12.4,12.5,15.2,17.4,17.7,14.7,,2.2,,,
115,울릉도,2012-11-09,11.2,8.7,2342,14.3,1216,,,,,,,13.7,70,2145,8.2,50,1336,5.6,4815,70,4.0,43,3,61.9,8.2,997.0,1027.8,2357,1018.6,11,1023.8,10.4,5.8,,,,,,,,,4.4,4.4,10.8,3.7,11.4,11.6,12.0,12.2,12.3,15.1,17.2,17.7,14.7,,3.1,,,
115,울릉도,2012-11-10,10.7,8.3,115,12.0,2344,,,,,,,13.8,50,634,8.3,50,637,5.1,4387,70,4.1,55,643,64.0,8.2,998.6,1028.4,804,1020.5,2353,1025.5,10.3,0.2,,,,,,,,,8.4,8.0,10.3,4.8,11.1,11.3,11.9,12.1,12.2,15.0,17.1,17.6,14.7,,1.7,2.5,,
115,울릉도,2012-11-11,12.5,8.4,2359,15.7,1604,,,,,5.83,4.0,22.2,230,2010,13.8,230,2014,5.4,4708,230,7.3,41,2226,72.3,10.8,981.5,1020.5,1,1000.1,1724,1007.7,10.3,0.7,,,,,,,,,7.0,5.6,11.9,5.7,11.8,11.8,12.1,12.2,12.6,15.0,17.1,17.6,14.8,,1.6,1.5,{비}0130-0145. {비}0620-0810. {비}0850-0910. {비}1025-1235. {비}1310-1320. {비}1425-1530. {박무}1045-{시정(미만)}{1km}{안개}1105-{안개}{강도0}1200-{시정(이상)}{1km}{박무}1220-{박무}{강도0}1500-1610.,1.25
115,울릉도,2012-11-12,10.1,7.6,227,12.8,1455,,,,,,,21.9,200,733,12.7,230,803,8.2,7043,230,0.8,41,57,52.8,6.5,981.3,1008.9,1925,1006.2,640,1007.8,10.3,7.0,,,,,,,,,5.9,5.9,9.0,4.2,10.8,11.0,11.7,11.9,12.1,14.9,17.0,17.6,14.7,,2.3,3.0,,
115,울릉도,2012-11-13,7.8,5.1,1034,10.2,58,,,,,5.92,11.0,14.8,290,1119,8.3,250,1316,5.0,4313,230,-0.3,40,1613,57.9,6.1,978.8,1008.4,1,1003.2,1309,1005.4,10.2,4.2,,,,,,,,,7.3,7.3,7.7,2.2,10.1,10.4,11.2,11.4,12.0,14.8,16.8,17.5,14.7,,1.5,8.3,{비}0745-{비}{강도0}0900-{비}/{싸락우박}1050-{비}1110-1135. {비}1155-{비}{강도0}1200-1325. {천둥}{강도0}(SE)0955-1003. {천둥}{강도0}(W)1050-{뇌전}{강도1}(W{이동}Z 1)1103-{뇌전}{강도1}(Z{이동}E 2~3)1108-1115. {비}1950-2025.,
115,울릉도,2012-11-14,4.4,2.5,1214,6.3,2158,,,,,15.0,11.4,19.5,290,1137,8.7,320,1103,4.2,3638,250,-1.3,44,103,67.3,5.6,984.5,1016.9,2400,1005.1,4,1011.7,10.2,2.2,,,,,,,,,8.4,7.6,4.5,0.3,8.0,8.6,9.9,10.2,10.7,14.6,16.7,17.4,14.7,,2.7,17.2,{비}0545-{비}{강도0}0600-{진눈깨비}0720-{눈}0750-{눈}{강도0}0900-{진눈깨비}0935-{진눈깨비}{강도0}1200-{진눈깨비}{강도0}1500-1715. {진눈깨비}2030-{진눈깨비}{강도0}2100-{비}2120-{진눈깨비}2220-{비}2330-{비}{강도0}2400- {천둥}{강도0}(SE)1155-1220.,
115,울릉도,2012-11-15,6.3,3.2,246,8.7,1334,,,,,11.58,8.5,17.6,50,943,8.9,50,1241,4.9,4259,50,1.0,46,926,69.6,6.6,996.4,1027.6,2111,1016.7,1,1023.7,10.2,5.7,,,,,,,,,6.6,6.1,7.1,-1.2,7.9,8.1,9.0,9.3,9.6,14.1,16.6,17.5,14.8,,2.5,2.5,-{비}-{비}{강도0}0300-{비}{강도0}0600-0620. {비}0950-1010. {비}1230-1250. {비}1510-1615. {비}1650-{비}{강도0}1800-2020. {천둥}{강도0}(SW)0055-{뇌전}{강도0}(S)0105-0110. {무지개}1520-1540. {무지개}1630-1642.,
115,울릉도,2012-11-16,10.0,6.0,4,12.7,1454,,,,,1.92,2.5,20.9,230,1210,12.6,200,1141,6.1,5276,230,3.8,49,1028,66.5,8.1,993.6,1026.8,132,1014.0,2352,1020.5,10.1,7.2,,,,,,,,,6.6,4.8,9.6,-0.5,8.6,8.7,9.3,9.6,9.9,13.9,16.4,17.5,14.8,,2.6,6.0,{비}2205-{비}{강도0}2400-,
115,울릉도,2012-11-17,9.3,6.9,2311,12.8,1222,,,,,5.25,3.5,13.1,290,916,8.2,230,314,3.7,3159,230,2.6,43,2214,64.4,7.6,983.8,1014.7,2356,1008.1,1329,1010.4,10.1,6.8,,,,,,,,,8.0,7.0,10.1,2.4,10.1,10.0,10.1,10.2,10.6,13.7,16.3,17.4,14.8,,2.0,5.5,-{비}-{비}{강도0}0300-0340. {비}0415-0440. {비}0525-{비}{강도0}0600-0635.,
115,울릉도,2012-11-18,5.6,4.2,851,7.4,2359,,,,,11.17,13.0,12.0,70,836,7.8,50,844,3.8,3244,50,2.5,44,1,81.4,7.4,991.9,1020.9,1018,1014.5,5,1019.1,10.1,1.5,,,,,,,,,9.6,8.1,7.0,2.8,9.2,9.3,10.0,10.2,10.4,13.5,16.1,17.3,14.8,,0.8,11.5,{비}0515-{비}{강도0}0600-{비}{강도0}0900-{비}{강도0}1200-{안개비}1240-1340. {비}2115-{비}{강도0}2400-,
115,울릉도,2012-11-19,8.6,6.8,416,12.2,1220,,,,,3.83,4.0,15.5,230,1244,8.3,230,640,4.4,3806,230,0.3,41,958,57.1,6.4,986.2,1018.0,1,1009.0,1341,1012.9,10.1,4.1,,,,,,,,,7.5,6.9,8.5,3.3,9.2,9.3,9.8,10.0,10.2,13.4,15.9,17.3,14.8,,3.1,0.0,-{비}-0250. {비}1020-1120.,
115,울릉도,2012-11-20,6.5,5.0,2349,8.4,1106,,,,,,,12.5,50,1455,5.3,360,1513,2.4,2061,50,-1.5,46,1109,56.5,5.5,992.2,1022.3,2355,1016.0,1,1019.3,10.0,3.0,,,,,,,,,6.1,5.8,6.4,-1.7,8.8,9.0,9.6,9.9,10.1,13.2,15.7,17.3,14.8,,1.2,,,
115,울릉도,2012-11-21,8.2,4.5,135,11.8,1126,,,,,,,11.1,230,2216,6.6,230,2149,2.8,2439,230,0.1,38,2235,57.0,6.3,992.7,1022.9,808,1017.0,2306,1019.7,10.0,5.8,,,,,,,,,5.4,4.5,6.5,-2.7,8.2,8.4,9.1,9.4,9.5,13.2,15.7,17.3,14.9,,1.0,,,
115,울릉도,2012-11-22,9.3,7.5,711,12.6,1252,,,,,,,8.1,320,1121,4.3,360,1115,1.9,1629,230,1.0,45,3,56.3,6.6,989.8,1019.0,859,1014.2,2340,1016.6,10.0,6.5,,,,,,,,,6.8,4.6,8.2,0.3,8.8,8.9,9.3,9.5,9.8,13.0,15.6,17.2,14.9,,3.8,4.5,,
115,울릉도,2012-11-23,5.3,3.2,2330,10.1,356,,,,,14.7,9.0,16.5,50,1130,10.5,50,1223,6.6,5697,50,2.4,59,326,82.5,7.3,988.7,1017.9,2305,1013.0,415,1015.9,10.0,0.2,,,,,,,,,10.0,7.3,5.7,3.5,8.5,8.7,9.3,9.5,10.0,12.9,15.4,17.1,14.8,,2.3,12.5,{비}0520-{비}{강도0}0600-{비}{강도0}0900-1030. {비}1130-{비}{강도0}1200-{비}{강도0}1500-1640. {비}1720-1745. {비}2003-{비}{강도0}2100-{비}{강도0}2400-,
115,울릉도,2012-11-24,5.1,3.0,218,6.7,2346,,,,,19.58,11.5,13.4,50,15,8.2,70,2,3.6,3077,50,2.6,75,2159,84.4,7.4,992.6,1022.1,2121,1017.6,139,1019.9,9.9,0.4,,,,,,,,,9.9,8.0,5.1,0.5,7.4,7.7,8.5,8.8,9.0,12.8,15.3,17.1,14.9,,0.0,4.0,-{비}-{비}{강도0}0300-{비}{강도0}0600-{비}{강도0}0900-1115. {비}1215-{비}{강도0}1500-1545. {비}1610-1720. {비}1750-{비}{강도0}1800-{비}{강도0}2100-2130.,
115,울릉도,2012-11-25,8.4,6.6,1,12.2,1238,,,,,5.0,0.5,13.3,230,2353,7.6,230,2354,2.8,2427,230,2.2,36,2329,65.9,7.2,990.9,1021.7,212,1012.5,2400,1017.8,9.9,6.0,,,,,,,,,8.1,3.6,8.8,3.3,8.5,8.5,8.8,9.0,,,,,,,1.5,2.0,{비}0130-{비}{강도0}0300-{비}{강도0}0600-0630.,
115,울릉도,2012-11-26,5.4,2.6,2351,8.9,1339,,,,,4.98,2.0,18.9,270,1446,8.4,230,113,3.6,3097,250,-3.0,26,1819,57.6,5.3,982.4,1015.3,2356,1004.0,1333,1009.4,9.9,5.3,,,,,,,,,7.1,6.9,5.5,0.1,8.3,8.5,9.1,9.3,9.5,12.4,15.0,17.0,14.9,,2.2,0.0,{비}0205-{비}{강도0}0300-0515. {눈}2127-2146. {눈}2230-{눈}{강도0}2400-,
115,울릉도,2012-11-27,2.9,1.6,1937,6.0,1304,,,,,9.42,0.0,10.9,320,50,5.7,230,2215,2.6,2209,230,-6.5,38,1251,50.0,3.8,992.6,1022.0,1938,1014.8,5,1020.1,9.9,4.6,,,,,,,,,6.0,6.0,3.4,-5.1,6.7,7.0,8.1,8.4,8.6,12.3,14.9,16.9,14.9,,1.7,0.0,-{눈}-0120. {눈}0150-{눈}{강도0}0300-0445. {눈}0625-{눈}{강도0}0900-1135.,
115,울릉도,2012-11-28,8.4,4.0,1,11.6,1449,,,,,,,22.6,230,932,13.2,200,1153,8.0,6939,230,-0.1,29,2219,55.5,6.2,986.7,1019.5,1,1008.9,1523,1013.6,9.8,5.1,,,,,,,,,6.1,4.9,6.6,-0.4,6.6,6.7,7.5,7.7,8.1,12.2,14.9,16.9,14.9,,3.0,,{황사}2110-2240.,
115,울릉도,2012-11-29,5.5,3.5,2259,9.2,1429,,,,,,,11.9,360,323,5.5,20,528,2.4,2097,360,-4.3,34,348,49.3,4.5,993.6,1022.6,2255,1016.8,2,1020.9,9.8,5.2,,,,,,,,,5.3,1.8,5.6,-3.5,7.1,7.2,7.8,7.9,8.4,12.0,14.8,16.9,14.9,,1.7,,,
115,울릉도,2012-11-30,3.9,2.2,1838,6.4,1130,,,,,0.83,0.2,9.1,50,1507,5.2,50,1508,2.2,1917,50,-5.7,39,1726,50.3,4.1,994.7,1023.4,1020,1021.1,2233,1022.2,9.8,5.8,,,,,,,,,6.4,4.8,3.2,-5.3,6.0,6.3,7.2,7.4,7.9,11.9,14.7,16.8,14.9,,0.3,5.1,{눈}2310-{진눈깨비}2330-{진눈깨비}{강도0}2400-,
115,울릉도,2012-12-01,0.3,-0.5,1732,2.5,1,,,,,14.33,4.9,18.4,20,847,11.5,50,851,6.1,5309,50,-3.2,63,1751,78.1,4.9,999.3,1030.6,1957,1020.8,153,1027.3,9.8,1.4,,,,5.3,859,5.3,859,5.3,9.0,7.6,0.6,-0.7,5.0,5.4,6.5,6.8,7.4,11.7,14.6,16.8,14.9,,0.4,0.0,-{진눈깨비}-{눈}0030-{시정(미만)}{1km}{눈}0220-{시정(미만)}{0.5km}{눈}0250-{눈}{강도1}0300-{시정(이상)}{0.5km}{눈}0350-{시정(이상)}{1km}{눈}0540-{눈}{강도0}0600-{눈}{강도0}0900-{눈}{강도0}1200-1420. {뇌전}{강도0}(NW 1~2)0215-0220.,
115,울릉도,2012-12-02,3.7,0.1,46,6.5,2132,,,,,2.33,1.0,10.7,230,1627,6.0,230,1831,2.7,2372,230,-1.4,51,2352,70.3,5.6,995.6,1029.7,1,1020.2,2304,1023.1,9.8,0.0,,,,,,4.0,1,,7.5,5.4,1.9,-0.6,4.7,5.0,6.0,6.2,7.0,11.5,14.5,16.7,14.9,,0.0,1.0,{무지개}1620-1630.  {비}1205-1255. {비}1520-1550. {비}1610-1650. {비}1750-{비}{강도0}1800-1810.,
115,울릉도,2012-12-03,7.4,4.8,306,10.1,1113,,,,,1.67,0.5,18.7,200,1843,10.3,230,1936,4.5,3884,200,0.2,41,2247,61.4,6.4,985.1,1020.7,3,1005.3,1934,1012.0,9.7,2.7,,,,,,,,,7.3,4.5,4.0,-2.7,5.0,5.1,5.7,5.9,6.7,11.3,14.4,16.7,15.0,,2.0,0.5,{비}1410-{비}{강도0}1500-1530. {비}2205-2225.,
115,울릉도,2012-12-04,1.8,0.4,2320,5.5,1,,,,,,,18.6,230,123,10.1,230,131,4.9,4231,250,-8.6,33,340,46.0,3.2,985.5,1017.0,2140,1006.4,110,1012.9,9.7,6.7,,,,,,,,,6.8,6.8,1.7,-3.5,5.1,5.3,6.1,6.3,6.9,11.1,14.3,16.7,15.0,,2.5,,,
115,울릉도,2012-12-05,2.6,0.4,733,5.6,1318,,,,,3.33,4.0,22.4,230,2029,13.2,230,2029,4.4,3769,230,-6.3,36,1206,52.8,4.0,985.1,1019.3,844,1001.9,1956,1012.5,9.7,4.9,,,,,,,,,7.9,4.8,2.5,-2.8,4.3,4.5,5.4,5.7,6.2,10.8,14.1,16.6,14.9,,2.3,4.2,{비}1830-{싸락눈}1930-{비}2040-{비}{강도0}2100-2150. {뇌전}{강도0}(W 9~10)1925-{뇌전}{강도0}(W{이동}SW 7~8)1945-{뇌전}{강도0}(SW{이동}S 3~4)1958-{뇌전}{강도0}(S{이동}SE 5~6)2015-{뇌전}{강도0}(SE 9~10)2035-2050.,
115,울릉도,2012-12-06,-1.8,-3.5,1211,1.5,1,,,,,8.97,0.2,25.1,250,205,9.4,250,39,4.6,3964,230,-11.0,31,35,49.8,2.7,990.3,1022.4,2303,1006.4,14,1018.4,9.7,2.0,,,,0.1,500,0.1,500,0.1,8.3,8.3,-0.2,-3.4,3.5,3.9,5.1,5.3,5.9,10.7,13.9,16.5,14.9,,0.2,0.0,{소낙눈}0317-0330. {소낙눈}0435-0530. {소낙눈}0820-{소낙눈}{강도0}0900-{소낙눈}{강도0}1200-1450. {소낙눈}1530-1650.,
115,울릉도,2012-12-07,1.0,-1.2,714,3.6,2124,,,,,10.58,3.5,14.9,230,2257,8.9,230,2135,3.1,2680,230,-4.6,42,12,67.6,4.5,989.8,1023.8,846,1008.9,2359,1017.5,9.7,2.5,,,,1.2,1658,1.2,1658,1.2,9.1,8.3,0.0,-3.7,3.1,3.3,4.4,4.6,5.3,10.4,13.8,16.5,14.9,,0.2,3.9,{소낙눈}0830-{소낙눈}{강도0}0900-1050. {눈}1330-{눈}{강도0}1500-{진눈깨비}1705-{비}1750-{비}{강도0}1800-{비}{강도0}2100-2120. {비}2310-2335.,
115,울릉도,2012-12-08,-1.4,-2.8,1213,3.0,2,,,,,5.5,0.4,21.6,230,1149,11.0,250,1036,6.1,5232,250,-10.9,36,1028,48.5,2.7,984.8,1015.1,958,1008.8,7,1012.6,9.7,3.2,,,,,,,,,7.6,7.6,-0.4,-3.7,2.8,3.2,4.2,4.4,5.3,10.3,13.8,16.4,14.7,,1.5,3.0,{비}0030-{진눈깨비}0050-{눈}0110-0150. {눈}1250-1350. {눈}1450-1610. {소낙눈}2210-{소낙눈}{강도0}2400-,
115,울릉도,2012-12-09,-3.3,-5.5,733,-1.8,2335,,,,,23.42,12.3,15.4,250,302,7.1,250,153,3.4,2970,250,-7.4,45,316,74.0,3.6,985.0,1015.5,2157,1010.1,428,1013.1,9.7,0.7,,,,11.1,2400,11.1,2400,11.2,8.5,8.5,-0.5,-5.4,2.1,2.5,3.7,4.1,4.6,10.0,13.6,16.4,14.9,,0.6,14.4,-{소낙눈}-{소낙눈}{강도0}0300-{소낙눈}{강도0}0600-{시정(미만)}{1km}{소낙눈}0830-{시정(이상)}{1km}{소낙눈}0850-{소낙눈}{강도0}0900-{시정(미만)}{1km}{소낙눈}1010-{시정(이상)}{1km}{소낙눈}1050-{소낙눈}{강도0}1200-{눈보라}1330-{소낙눈}1345-{소낙눈}{강도1}1500-{소낙눈}{강도1}1800-{소낙눈}{강도1}2100-2220. {소낙눈}2255-{소낙눈}{강도0}2400-,
115,울릉도,2012-12-10,-1.1,-2.8,708,0.6,1345,,,,,24.0,6.6,15.7,270,46,8.4,340,2103,4.1,3500,340,-5.3,49,1902,73.8,4.2,990.8,1021.3,2144,1014.9,22,1018.7,9.6,2.7,,,,6.7,2400,14.7,700,7.8,8.8,8.8,0.2,0.2,2.4,2.6,3.5,3.8,4.7,9.8,13.5,16.4,14.9,,0.0,5.4,-{소낙눈}-{눈보라}0040-{소낙눈}0050-{소낙눈}{강도0}0300-{소낙눈}{강도0}0600-{소낙눈}{강도0}0900-{소낙눈}{강도0}1200-{소낙눈}{강도0}1500-{소낙눈}{강도0}1800-{소낙눈}{강도0}2100-{소낙눈}{강도0}2400-,
115,울릉도,2012-12-11,1.0,-1.6,114,2.6,1031,,,,,18.67,9.4,16.0,50,358,8.7,50,407,6.1,5233,50,-2.8,61,2344,76.1,5.0,993.9,1023.6,2351,1019.5,359,1021.7,9.6,3.6,,,,5.3,958,16.6,558,6.6,7.9,7.9,0.2,0.2,2.8,2.9,3.6,3.8,4.9,9.5,13.3,16.3,14.9,,0.7,5.5,-{소낙눈}-{싸락눈}0120-{소낙눈}0210-{소낙눈}{강도0}0300-{소낙눈}{강도0}0600-0710. {소낙눈}0930-{소낙눈}{강도0}1200-{소낙눈}{강도0}1500-1640. {소낙눈}1825-2245.,
115,울릉도,2012-12-12,2.4,0.5,230,5.1,1319,,,,,,,11.1,50,357,6.6,50,335,3.3,2872,50,-4.4,43,1145,61.3,4.4,998.8,1029.8,2340,1023.2,52,1026.6,9.6,7.5,,,,,,12.9,0,,5.5,5.5,0.3,0.2,3.0,3.1,3.8,3.9,5.0,9.4,13.2,16.3,15.0,,2.5,,,
115,울릉도,2012-12-13,5.4,0.7,219,9.1,1305,,,,,,,12.4,230,1256,7.5,230,1313,4.6,3981,230,-4.3,32,1242,50.9,4.5,1001.0,1030.2,217,1027.1,1348,1028.5,9.6,8.3,,,,,,10.0,0,,2.1,1.8,0.4,-1.2,3.0,3.2,3.9,4.0,,,,,,,2.4,,,
115,울릉도,2012-12-14,8.1,5.9,1,10.1,2329,,,,,11.83,36.5,10.8,20,1419,7.9,50,1422,3.5,3027,230,1.9,31,530,69.3,7.6,994.1,1027.6,1,1010.9,2357,1021.1,9.6,0.0,,,,,,6.4,0,,9.4,5.8,2.2,0.3,2.8,3.0,3.7,3.9,5.1,9.2,13.0,16.2,15.0,,0.3,39.0,{박무}1250-{박무}{강도0}1500-{시정(미만)}{1km}{안개}1625-{시정(이상)}{1km}{박무}1750-{박무}{강도1}1800-{박무}{강도0}2100-{시정(미만)}{1km}{안개}2150-{안개}{강도1}2400- {비}1210-{비}{강도0}1500-{비}{강도1}1800-{비}{강도0}2100-{비}{강도0}2400-,3.58
115,울릉도,2012-12-15,6.8,4.7,1459,10.8,430,,,,,12.08,2.5,21.2,250,300,12.3,250,304,4.6,4013,50,4.2,68,2241,84.4,8.3,986.8,1018.3,2348,1007.3,309,1013.8,9.6,0.1,,,,,,,,,9.0,7.6,6.6,2.6,4.9,4.5,4.4,4.4,5.1,7.1,12.1,16.1,15.0,,1.8,0.0,-{안개}-{시정(이상)}{1km}{박무}0045-0240. -{비}-0130. {비}0710-{비}{강도0}0900-{비}{강도0}1200-{비}{강도0}1500-{안개비}1530-1745.,0.75
115,울릉도,2012-12-16,6.1,4.9,2111,9.4,1255,,,,,,,10.4,320,410,5.3,70,1056,2.8,2456,70,0.9,58,430,69.9,6.6,994.3,1023.4,1912,1018.0,19,1021.6,9.6,5.2,,,,,,,,,7.4,6.1,5.4,0.6,5.5,5.3,5.3,5.3,5.4,7.8,11.8,16.0,15.0,,1.4,,{박무}1520-{박무}{강도0}1800-1830.,
115,울릉도,2012-12-17,5.8,1.5,2247,9.7,1403,,,,,5.67,6.0,14.9,320,1738,9.3,50,2240,3.4,2901,230,1.7,58,1615,76.4,7.0,988.9,1022.3,1,1012.8,1409,1016.1,9.6,4.1,,,,,,,,,8.3,7.1,5.8,0.1,5.8,5.7,5.8,5.9,6.0,8.1,11.6,15.9,15.0,,1.1,13.1,{비}1037-{비}{강도0}1200-1212. {비}1935-{소낙성진눈깨비}2050-{소낙성진눈깨비}{강도0}2100-{비}2110-2335. {비}2355-{비}{강도0}2400-,
115,울릉도,2012-12-18,-1.3,-2.6,2340,1.8,8,,,,,18.92,8.9,17.5,50,519,11.1,50,343,7.0,6010,50,-2.2,82,2348,93.1,5.2,991.3,1022.2,2303,1014.5,17,1019.2,9.6,2.8,,,,6.1,1000,6.1,1000,6.1,8.5,8.5,0.3,0.2,4.3,4.6,5.3,5.5,5.5,8.2,11.5,15.7,14.9,,0.9,2.2,-{비}-{소낙성진눈깨비}0035-{소낙눈}0050-{소낙눈}{강도0}0300-{소낙눈}{강도0}0600-0750. {소낙눈}0845-{소낙눈}{강도0}0900-1045. {소낙눈}1240-{소낙눈}{강도0}1500-{소낙눈}{강도0}1800-{소낙눈}{강도0}2100-2145.,
115,울릉도,2012-12-19,-1.0,-2.5,19,0.7,1521,,,,,14.08,8.4,9.9,50,300,6.5,20,309,3.6,3127,50,-3.6,60,2354,82.9,4.7,996.2,1026.2,2006,1021.8,3,1024.3,9.6,1.3,,,,9.2,1558,13.1,1558,9.2,8.3,8.3,0.7,0.3,3.6,3.9,4.6,4.8,5.0,8.2,11.4,15.7,15.0,,0.1,8.0,{소낙눈}0435-{소낙눈}{강도0}0600-{소낙눈}{강도0}0900-{소낙눈}{강도0}1200-{소낙눈}{강도1}1500-{소낙눈}{강도0}1800-1840.,
115,울릉도,2012-12-20,1.7,-0.4,6,4.7,1059,,,,,,,12.3,360,1207,6.5,360,1158,2.6,2211,20,-5.6,49,514,58.5,4.0,999.9,1030.6,2017,1025.3,443,1027.8,9.6,8.2,,,,,,12.2,1,,4.3,3.1,0.3,-5.3,3.2,3.5,4.2,4.5,4.9,8.1,11.3,15.7,15.0,,2.5,,,
115,울릉도,2012-12-21,4.5,1.5,48,6.1,1311,,,,,9.0,5.5,6.7,290,1040,3.2,250,2329,1.8,1521,230,0.5,54,513,75.9,6.4,994.7,1029.5,3,1015.6,2400,1022.2,9.6,0.0,,,,,,6.0,1,,9.3,6.0,1.7,-3.3,2.8,3.1,3.8,4.1,4.7,8.0,11.2,15.6,15.0,,1.7,13.0,{비}1150-{비}{강도0}1200-{비}{강도0}1500-{비}{강도0}1800-1910. {비}2220-{비}{강도0}2400-,
115,울릉도,2012-12-22,1.7,-0.2,1620,5.7,235,,,,,19.75,14.5,19.6,20,515,9.7,20,522,5.4,4682,50,0.4,79,232,91.0,6.3,990.1,1021.4,1930,1014.5,507,1017.7,9.6,0.0,,,,0.2,2400,2.8,1,0.2,9.0,8.6,1.3,-0.5,2.9,3.1,3.8,4.0,4.2,7.5,11.0,15.5,15.0,,1.2,8.0,{박무}0840-{박무}{강도0}0900-{박무}{강도0}1200-{박무}{강도0}1500-{박무}{강도0}1800-{박무}{강도0}2100-2250. -{비}-0150. {비}0235-{비}{강도0}0300-{비}{강도0}0600-{비}{강도0}0900-{비}{강도0}1200-{진눈깨비}1440-{진눈깨비}{강도0}1500-{진눈깨비}{강도0}1800-1840. {소낙눈}2055-{소낙눈}{강도0}2100-2245.,
115,울릉도,2012-12-23,-2.0,-4.6,2026,1.8,304,,,,,15.08,31.4,19.3,250,1012,9.9,230,1017,3.8,3325,250,-5.9,38,1024,76.1,4.0,991.6,1022.5,2130,1017.3,503,1019.7,9.6,2.5,,,,37.8,2400,37.8,2400,37.8,9.0,8.4,0.1,-4.6,2.4,2.7,3.5,3.8,3.8,7.3,10.7,15.4,15.0,,0.2,51.5,{소낙눈}0045-{싸락눈}0055-{소낙눈}0150-0220. {소낙눈}1030-{소낙눈}{강도0}1200-{소낙눈}{강도0}1500-{시정(미만)}{1km}{소낙눈}1740-{소낙눈}{강도1}1800-{눈}1940-{눈}{강도1}2100-{시정(이상)}{1km}{눈}2325-{눈}{강도0}2400-,5.75
115,울릉도,2012-12-24,-3.1,-4.4,1,0.9,1341,,,,,13.67,23.3,11.4,340,137,6.1,50,231,2.8,2426,230,-4.1,79,2358,92.6,4.5,994.9,1024.9,959,1021.2,224,1023.2,9.6,2.8,,,,27.6,1259,56.8,1259,27.6,7.8,7.1,0.3,0.2,2.4,2.6,3.3,3.6,3.8,7.3,10.6,15.3,15.0,,1.0,2.2,-{눈}-{눈}{강도0}0300-{시정(미만)}{1km}{눈}0420-{눈}{강도1}0600-{시정(이상)}{1km}0840-{눈}{강도0}0900-{시정(미만)}{1km}{눈}0935-{시정(이상)}{1km}{눈}1045-{눈}{강도0}1200-{소낙눈}1220-1340.,
115,울릉도,2012-12-25,-2.2,-5.0,2357,1.0,1220,,,,,8.33,0.4,18.9,340,2011,7.2,20,2017,4.2,3615,250,-7.6,50,1701,66.8,3.5,994.9,1028.2,2339,1020.4,423,1023.1,9.6,5.0,,,,0.5,1155,57.3,1155,0.9,7.8,7.8,0.4,-5.0,2.4,2.6,3.2,3.4,3.9,7.2,10.5,15.2,15.0,,0.7,1.7,{소낙눈}0720-0850. {소낙눈}0920-{소낙눈}{강도0}1200-1235. {소낙눈}2025-{소낙눈}{강도0}2100-{소낙눈}{강도0}2400-,
115,울릉도,2012-12-26,-4.1,-5.1,806,-2.5,1034,,,,,18.67,2.2,12.6,250,28,5.5,50,1,2.8,2422,50,-7.1,59,46,79.4,3.6,1002.1,1032.2,938,1027.5,22,1030.7,9.6,1.0,,,,2.6,1800,58.8,1800,2.6,8.0,8.0,0.4,0.2,2.3,2.5,3.1,3.3,3.8,7.1,10.5,15.1,15.0,,1.6,1.0,-{소낙눈}-{소낙눈}{강도0}0300-{소낙눈}{강도0}0600-{소낙눈}{강도0}0900-{소낙눈}{강도0}1200-{소낙눈}{강도0}1500-{소낙눈}{강도0}1800-1840.,
115,울릉도,2012-12-27,1.5,-3.1,4,5.8,1247,,,,,,,8.6,250,550,5.4,230,550,2.9,2499,230,-4.7,40,1215,64.5,4.4,999.5,1030.5,1,1026.0,1242,1027.4,9.6,8.3,,,,,,58.8,1,,3.8,2.0,0.5,-3.1,2.3,2.5,3.1,3.3,,,,,,,0.9,,,
115,울릉도,2012-12-28,3.2,1.8,213,4.7,911,,,,,14.0,11.5,18.0,50,2254,12.5,50,2254,5.5,4712,50,1.4,65,910,88.6,6.8,995.2,1027.9,9,1019.5,1528,1022.8,9.6,0.0,,,,,,34.9,1,,9.6,7.3,0.3,0.3,2.2,2.3,3.0,3.1,3.7,7.0,10.4,15.0,14.9,,1.7,14.5,{비}0910-{비}{강도0}1200-{비}{강도0}1500-{비}{강도0}1800-{비}{강도0}2100-2310.,
115,울릉도,2012-12-29,5.4,3.0,1,7.4,1359,,,,,14.75,10.0,17.9,70,34,10.7,50,40,5.7,4919,50,3.3,73,1806,87.1,7.8,991.9,1025.5,214,1012.3,2243,1019.1,9.6,0.0,,,,,,17.7,1,,10.0,7.6,3.9,0.3,2.7,2.4,2.7,2.9,3.2,6.5,10.1,14.9,15.0,,3.2,16.5,{비}0245-{비}{강도0}0300-{비}{강도0}0600-{비}{강도0}0900-{비}{강도0}1200-{시정(미만)}{1km}{비}1310-{시정(이상)}{1km}{비}1350-{비}{강도0}1500-1520. {비}1620-{비}{강도0}1800-1820. {비}2350-{비}{강도0}2400-,
115,울릉도,2012-12-30,1.3,-2.6,2341,5.8,1,,,,,9.25,9.5,17.5,340,1557,9.9,230,154,4.3,3721,250,-4.6,48,1154,65.5,4.6,982.2,1012.7,2,1006.9,1601,1009.6,9.6,2.3,,,,,,6.6,1,,8.9,7.5,2.2,-2.9,3.3,3.1,3.1,2.9,2.5,5.1,9.4,14.8,14.9,,1.2,0.0,-{비}-{비}{강도0}0300-{비}{강도0}0600-{비}{강도0}0900-0915.,
115,울릉도,2012-12-31,-3.1,-4.8,618,-1.7,2131,,,,,9.0,0.0,17.2,230,520,8.6,250,744,4.1,3517,250,-11.6,40,1839,52.1,2.5,987.0,1017.8,2322,1010.8,4,1015.1,9.6,6.4,,,,,,,,,8.0,8.0,-0.7,-4.8,1.7,2.0,2.7,2.9,2.2,5.5,9.1,14.6,15.0,,2.9,0.0,{소낙눈}0810-{소낙눈}{강도0}0900-{소낙눈}{강도0}1200-{소낙눈}{강도0}1500-1650. {소낙눈}2340-{소낙눈}{강도0}2400-,
